-- phpMyAdmin SQL Dump
-- version 4.0.4
-- http://www.phpmyadmin.net
--
-- 主机: localhost
-- 生成日期: 2014 年 06 月 27 日 19:01
-- 服务器版本: 5.6.12-log
-- PHP 版本: 5.4.12

SET SQL_MODE = "NO_AUTO_VALUE_ON_ZERO";
SET time_zone = "+00:00";


/*!40101 SET @OLD_CHARACTER_SET_CLIENT=@@CHARACTER_SET_CLIENT */;
/*!40101 SET @OLD_CHARACTER_SET_RESULTS=@@CHARACTER_SET_RESULTS */;
/*!40101 SET @OLD_COLLATION_CONNECTION=@@COLLATION_CONNECTION */;
/*!40101 SET NAMES utf8 */;

--
-- 数据库: `tuan2.1`
--
CREATE DATABASE IF NOT EXISTS `tuan2.1` DEFAULT CHARACTER SET utf8 COLLATE utf8_general_ci;
USE `tuan2.1`;

-- --------------------------------------------------------

--
-- 表的结构 `tg_admin`
--

CREATE TABLE IF NOT EXISTS `tg_admin` (
  `id` int(11) NOT NULL AUTO_INCREMENT,
  `adm_name` varchar(255) NOT NULL,
  `adm_password` varchar(255) NOT NULL,
  `is_effect` tinyint(1) NOT NULL,
  `is_delete` tinyint(1) NOT NULL,
  `role_id` int(11) NOT NULL,
  `login_time` int(11) NOT NULL,
  `login_ip` varchar(255) NOT NULL,
  PRIMARY KEY (`id`),
  UNIQUE KEY `unique_adm_name` (`adm_name`)
) ENGINE=MyISAM  DEFAULT CHARSET=utf8 AUTO_INCREMENT=4 ;

--
-- 转存表中的数据 `tg_admin`
--

INSERT INTO `tg_admin` (`id`, `adm_name`, `adm_password`, `is_effect`, `is_delete`, `role_id`, `login_time`, `login_ip`) VALUES
(1, 'admin', '21232f297a57a5a743894a0e4a801fc3', 1, 0, 4, 1403836509, '127.0.0.1');

-- --------------------------------------------------------

--
-- 表的结构 `tg_adv`
--

CREATE TABLE IF NOT EXISTS `tg_adv` (
  `id` int(11) NOT NULL AUTO_INCREMENT,
  `tmpl` varchar(255) NOT NULL,
  `adv_id` varchar(255) NOT NULL,
  `code` text NOT NULL,
  `is_effect` tinyint(1) NOT NULL,
  `name` varchar(255) NOT NULL,
  `city_ids` varchar(255) NOT NULL,
  PRIMARY KEY (`id`)
) ENGINE=MyISAM  DEFAULT CHARSET=utf8 AUTO_INCREMENT=5 ;

--
-- 转存表中的数据 `tg_adv`
--

INSERT INTO `tg_adv` (`id`, `tmpl`, `adv_id`, `code`, `is_effect`, `name`, `city_ids`) VALUES
(3, 'green', '头部广告位', '<script type="text/javascript">function close_topadv(){  $("#top_adv").fadeOut();}</script><div class="adBox" id="top_adv" style="position:relative;">	<a class="close_adv" onclick="close_topadv();" href="javascript:void();">关闭</a>	<div class="adBox-top"></div>\r\n	<div class="adBox-mid">	<table class="adBoxtb" cellspacing="3" cellpadding="3">	<tbody><tr>	<td><a href="http://www.easethink.com" target="_blank"><img alt="" src="./public/attachment/201011/4cda13b683238.png" border="0" /></a></td>\r\n<td><a href="http://www.easethink.com/" target="_blank"><img alt="" src="./public/attachment/201011/4cda13bdca817.png" border="0" /></a></td>\r\n<td><a href="http://www.easethink.com/" target="_blank"><img alt="" src="./public/attachment/201011/4cda13c3b9b95.png" border="0" /></a></td>\r\n</tr>\r\n	</tbody>\r\n</table>\r\n		</div>\r\n	<div class="adBox-foot"></div>\r\n</div>', 0, '顶部广告位', '1,2'),
(4, 'default', '头部广告位', '<img alt="" src="./public/attachment/201011/4ce4dca67ba99.png" border="0" />', 0, '顶部广告', '1,2,3,4,5,6,7,8,9,10,11,12,13,14,15,16,17,18,19');

-- --------------------------------------------------------

--
-- 表的结构 `tg_api_login`
--

CREATE TABLE IF NOT EXISTS `tg_api_login` (
  `id` int(11) NOT NULL AUTO_INCREMENT,
  `name` varchar(255) NOT NULL,
  `config` text NOT NULL,
  `class_name` varchar(255) NOT NULL,
  `icon` varchar(255) NOT NULL,
  PRIMARY KEY (`id`)
) ENGINE=MyISAM  DEFAULT CHARSET=utf8 AUTO_INCREMENT=9 ;

--
-- 转存表中的数据 `tg_api_login`
--

INSERT INTO `tg_api_login` (`id`, `name`, `config`, `class_name`, `icon`) VALUES
(8, 'QQ登录插件', 'a:2:{s:7:"app_key";s:9:"101048341";s:10:"app_secret";s:32:"6a2703d263dcccc063ebf0b38fa9b3e0";}', 'Qq', './public/attachment/201011/qq_login.gif');

-- --------------------------------------------------------

--
-- 表的结构 `tg_article`
--

CREATE TABLE IF NOT EXISTS `tg_article` (
  `id` int(11) NOT NULL AUTO_INCREMENT,
  `title` varchar(255) NOT NULL,
  `content` text NOT NULL,
  `cate_id` int(11) NOT NULL,
  `create_time` int(11) NOT NULL,
  `update_time` int(11) NOT NULL,
  `add_admin_id` int(11) NOT NULL COMMENT '发布人',
  `is_effect` tinyint(4) NOT NULL,
  `rel_url` varchar(255) NOT NULL COMMENT '自动跳转的外链',
  `update_admin_id` int(11) NOT NULL COMMENT '更新人',
  `is_delete` tinyint(4) NOT NULL,
  `click_count` int(11) NOT NULL COMMENT '点击数',
  `sort` int(11) NOT NULL,
  `seo_title` text NOT NULL,
  `seo_keyword` text NOT NULL,
  `seo_description` text NOT NULL,
  `uname` varchar(255) NOT NULL,
  PRIMARY KEY (`id`)
) ENGINE=MyISAM  DEFAULT CHARSET=utf8 AUTO_INCREMENT=22 ;

--
-- 转存表中的数据 `tg_article`
--

INSERT INTO `tg_article` (`id`, `title`, `content`, `cate_id`, `create_time`, `update_time`, `add_admin_id`, `is_effect`, `rel_url`, `update_admin_id`, `is_delete`, `click_count`, `sort`, `seo_title`, `seo_keyword`, `seo_description`, `uname`) VALUES
(5, '玩转团购', '<div style="padding:0px 15px;"><p><span style="color:#ff5a00;font-family:微软雅黑;font-size:24px;font-weight:bold;">1 查看今日团购</span></p>\r\n<p><br />\r\n</p>\r\n<p>易想每天推出一单精品消费，包括餐厅、酒巴、KTV、SPA、美发店、瑜伽馆等精选特色商家</p>\r\n<p><br />\r\n</p>\r\n<p><span style="color:#ff5a00;font-family:微软雅黑;font-size:24px;font-weight:bold;">2 如何购买</span></p>\r\n<p><table style="width:630px;"><tbody><tr><td>对今天的团购有兴趣？ 就快点购买吧。只要点击购买按钮，按照提示步骤购买就OK！<br />\r\n<br />\r\n<img src="./public/attachment/201012/4cfb10e2cf014.jpg" /></td>\r\n<td width="260" height="330" background="./public/attachment/201012/4cfb10fbed7c0.gif" valign="top"><div style="padding:50px 40px 10px 50px;width:180px;">1. 团购到截止时期就结束了，过期不候哦。 有的团购还有数量上限，先到先得。<br />\r\n2. 团购人数还不够？ 邀请好友一起来购买吧。 还能获得 10元 返利哦。<br />\r\n3. 团购结束时人数还不够，我们会立即全额退款。</div>\r\n</td>\r\n</tr>\r\n</tbody>\r\n</table>\r\n</p>\r\n<p><br />\r\n</p>\r\n<p><span style="color:#ff5a00;font-family:微软雅黑;font-size:24px;font-weight:bold;">3 获取云南眼·爱票</span></p>\r\n<p><table style="width:630px;"><tbody><tr><td>团购成功就可以去会员中心领取您的消费凭证 ---- 易想券<br />\r\n<br />\r\n<img src="./public/attachment/201012/4cfb115ee204c.gif" /></td>\r\n<td width="260" height="330" background="./public/attachment/201012/4cfb10fbed7c0.gif" valign="top"><div style="padding:50px 40px 10px 50px;width:180px;">领取易想券的三种方式 <br />\r\n1. <span style="font-size:14px;font-weight:bold;">打印</span><br />\r\n如果身边有打印机可以直接打印。<br />\r\n2. <span style="font-size:14px;font-weight:bold;">发到邮箱</span><br />\r\n可以把易想券发送到自己的邮箱，到别处打印<br />\r\n3.  <span style="font-size:14px;font-weight:bold;">发短信到手机</span><br />\r\n可以把易想券序列号密码发送到手机，直接凭手机短信进行消费。</div>\r\n</td>\r\n</tr>\r\n</tbody>\r\n</table>\r\n</p>\r\n<p><span style="color:#ff5a00;font-family:微软雅黑;font-size:24px;font-weight:bold;">4 去商家消费</span></p>\r\n<p><br />\r\n</p>\r\n<p>在易想券的有效期内，凭打印版易想券或手机短信去商家进行消费。</p>\r\n</div>', 7, 0, 1396834708, 0, 1, '', 0, 0, 355, 9, '', '', '', ''),
(6, '申请会员', '加入我们', 7, 0, 1396761796, 0, 1, 'user.php?act=register', 0, 0, 31, 4, '', '', '', ''),
(7, '开放API', '', 10, 0, 1396761587, 0, 1, 'u:dhapi', 0, 0, 6, 7, '', '', '', ''),
(8, 'RSS订阅', '', 7, 0, 1396760559, 0, 1, 'u:rss', 0, 0, 0, 4, '', '', '', ''),
(9, '商家登陆', '', 10, 0, 1396761561, 0, 1, 'u:coupon#supplier_login', 0, 0, 5, 9, '', '', '', ''),
(10, '友情链接', '', 10, 0, 1396421064, 0, 1, 'u:link', 0, 0, 1, 1, '', '', '', ''),
(11, '人才招聘', '<p><img width="686" height="574" src="./static/images/ynyanjob.png" longdesc="http://piao.ynyan.cn/user.php?act=register" /></p>\r\n<p sizset="31" sizcache="10"><span style="color:#337fe5;font-family:simsun;font-size:16px;">一．云南眼·<strong>满意团</strong>(客户经理)</span></p>\r\n<p>&nbsp; 1．形象好，综合能力强，热爱销售事业，亲和力好；</p>\r\n<p>&nbsp; 2．强烈的事业心，良好的团队合作精神，优秀的沟通、交际和谈                判能力；</p>\r\n<p>&nbsp; 3．具有全面娴熟的销售技能，极强的客户拓展和客户关系维护能力；</p>\r\n<p>&nbsp; 4．有媒体广告销售经验或有客户资源、社会关系者优先；</p>\r\n<p>&nbsp; 5．具备一定网络产品推广或团购工作经验。</p>\r\n<p sizset="31" sizcache="10"><span style="color:#337fe5;font-family:simsun;font-size:16px;">二．云南眼(频道主编)</span></p>\r\n<p>&nbsp; 1．负责某几个行业频道（房产、爱票、房产、汽车、3C、商业、理财、健康、教育等）采编工作，对频道发展负责；</p>\r\n<p>&nbsp; 2．结合区域内相关频道的发展，参与各项专题的策划及制作；</p>\r\n<p>&nbsp; 3．参与管理各频道网络社区的发展及在区域范围内提升影响力；</p>\r\n<p>&nbsp; 4．协助经营工作的开展并做好客户服务；</p>\r\n<p>&nbsp; 5．善于整合资源，参与策划和开发各频道网络新产品，不断拓展内容发展方向。</p>\r\n<p><strong>&nbsp; 岗位要求：</strong></p>\r\n<p>&nbsp; 1．大专学历以上，5年以上生活化或行业相关频道（房产、3C、商业、理财、汽车、健康、教育、娱乐）工作经验；</p>\r\n<p>&nbsp; 2．曾在大型传媒或网站有过内容采编方面的工作经验，具有良好的新闻敏感；</p>\r\n<p>&nbsp; 3．有策划大型商业活动的经验，能独立进行策划和执行组织；</p>\r\n<p>&nbsp; 4．对区域内相关行业有敏锐的洞察力及认知度，能独立进行内容策划和制作；</p>\r\n<p>&nbsp; 5．善于沟通，具有很好的团队工作能力及敬业精神；</p>\r\n<p>&nbsp; 6．具有良好的文字写作基础，有作品。<br />\r\n</p>\r\n<p sizset="31" sizcache="10"><span style="color:#337fe5;font-family:simsun;font-size:16px;">三．web设计师</span></p>\r\n<p>&nbsp; 主要负责云南眼·爱票网网站页面、重点广告的美工设计和制作<br />\r\n<strong>&nbsp; 岗位要求：</strong></p>\r\n<p>  &nbsp; 1．大专或同等教育程度以上，有较强的美术功底；三年以上专业工作经验；</p>\r\n<p>&nbsp; 2．能够熟练使用CorelDraw、Photoshop等网页和平面设计软件；</p>\r\n<p>&nbsp; 3．能够独立完成网页、软件界面的设计、制作工作；</p>\r\n<p>&nbsp; 4．.对工作认真踏实，认真，能适应高强度快节奏的工作</p>\r\n<p>&nbsp; 5．相关专业毕业，有较强手绘能力者优先；</p>\r\n<p>&nbsp; 6．有软件或网站开发经验者优先。</p>\r\n<p>  &nbsp; <strong>如您对以上任何职位感兴趣，请发您的简历至</strong><span class="pointer" id="useraddrcontainer"><span> mail:</span><a href="mailto:piao@ynyan.cn">piao@ynyan.cn</a></span></p>\r\n&nbsp;&nbsp;<strong>邮件标题请注明应聘岗位，简历请直接撰写在邮件正文</strong>', 11, 1396377209, 1396836207, 0, 1, '', 0, 0, 105, 7, '', '', '', ''),
(12, '爱票承诺', '<p><span style="color:#337fe5;font-family:simsun;font-size:16px;"><strong>关于云南眼·满意团：</strong></span></p>\r\n<p>							  还窝在家里，做别人眼中的宅男宅女吗？</p>\r\n							<p>	为什么不走出家门去旅游、去K歌、去享受一顿丰盛的大餐？</p>\r\n<p>	还在遗憾工作太忙，没时间和死党们欢聚吗？</p>\r\n<p>	为什么不和闺蜜一起去做个SPA，或者干脆去拍套个性写真？</p>\r\n<p>	还在纠结口袋里的银子，总觉得做个头发或美甲太贵吗？</p>\r\n<p>	为什么不找个机会跟朋友们一起团购，杀出个痛快的价格出来？</p>\r\n<p>我们提供的解决方案是：每天把最超值的团购消费带到您身边！ <br />\r\n<br />\r\n<span style="color:#337fe5;font-family:simhei;font-size:14px;"><strong><span style="font-family:simsun;">云南眼·<font size="3">满意团</font>，致力于通过团购的方式向消费者推荐高折扣的本地精品生活服务。</span> </strong></span><br />\r\n<br />\r\n<span style="color:#337fe5;font-family:simsun;font-size:16px;"><strong>对于消费者：</strong></span></p>\r\n<p>	▷我们帮您寻找最值得信赖的商家，让您享受到超低折扣的优质服务</p>\r\n<p><span>▷</span>我们的商家信息不会有任何夸张虚假的成分，我们会保证交易的诚信和安全&nbsp;</p>\r\n<p><span>▷</span>我们希望帮助你发现最新鲜最有趣的消费方式，不断发现新的惊喜</p>\r\n<p><strong><span style="color:#337fe5;font-family:simsun;font-size:16px;"><strong>对于商家：</strong></span></strong></p>\r\n<p>▷我们为您寻找最热爱尝试的消费者，消费能力有所保障</p>\r\n<p>	<span>▷</span>我们的推广合作方式零风险，低成本，效果显著，<strong>我们主做优惠券，不占用您的资金</strong></p>\r\n<p>	<span>▷</span>我们的推广合作方式对商家的利益会进行最大程度的保障</p>\r\n<p>	<span>▷</span>请相信，我们一直在努力做得更好</p>\r\n<p><strong><span style="color:#337fe5;font-family:simsun;font-size:16px;"><strong>业务合作：&nbsp;</strong></span></strong>&nbsp;</p>\r\n<p>▷地址：昆明市龙泉路237号春园小区六栋三单元5楼</p>\r\n<p>	<span>▷</span>联系电话：0871-6393 3870</p>\r\n<p>	<span>▷</span>联系QQ：8925 922 66<br />\r\n<span class="pointer" id="useraddrcontainer"><span>▷e-mail:</span><span id="useraddr">piao@ynyan.cn</span></span><br />\r\n<strong><span style="color:#337fe5;font-family:simsun;font-size:16px;"><strong>客户服务：&nbsp;</strong></span></strong></p>\r\n<p>▷如果您在参与团购过程中遇到问题，或者对我们有任何的意见或建议，请联系客服人员：</p>\r\n<p><span>▷</span>客服QQ：8925 922 66 &nbsp;<span>▷</span>客服电话：<span>0871-6393 3870</span></p>', 11, 1396378371, 1396836188, 0, 1, '', 0, 0, 97, 9, '', '', '', ''),
(14, '评价说明', '<div>一.评价展示</div>\r\n<div>1.用户评价展示原则：</div>\r\n<div>1)前台显示：凡是通过审核的评价均将展示在云南眼·爱票页面，浏览云南眼·爱票页面的用户均可以看到展示的评价内容；</div>\r\n<div>2)前台不显示：凡是评价中含有云南眼·爱票不允许发表的内容，均不给予审核通过，用户仅可在自己的个人中心看到；</div>\r\n<div>&nbsp;</div>\r\n<div>2.不允许发表的内容：</div>\r\n<div>1)包含违法（如涉黄、涉毒、涉赌等）、暴力的相关信息；</div>\r\n<div>2)包含宣传宗教信仰类的相关信息；</div>\r\n<div>3)与本商品本身无直接关系的评价；</div>\r\n<div>4)仅包含纯数字、无规则字母、乱码、标点符号、表情等信息；</div>\r\n<div>5)包含淫秽词语等相关信息的评价；</div>\r\n<div>6)比较过激，出现人身攻击、恶意诋毁等相关词语的评价；</div>\r\n<div>7)内容重复超过60%以上，无参考意义的评价；</div>\r\n<div>8)没有任何意义的灌水评价。<br />\r\n</div>\r\n<div>二.用户须知：</div>\r\n<div>1.提交诚实有效的评价，您的评价将成为其他用户对该团购商品的重要判断依据；</div>\r\n<div>2.请不要提交与团购本身无关的评价，否则将不予通过；&nbsp;</div>\r\n<div>&nbsp;</div>\r\n<div>三.评价疑难解答：</div>\r\n<div>1.Q：用户如何获得评价资格？</div>\r\n<div>A：凡购买云南眼·爱票的商品均可在消费验证后进行评价；购买网购频道的商品时，需在您签收商品且物流信息反馈到云南眼·爱票后方可进行评价。</div>\r\n<div>2.Q：商品的评价由什么组成？</div>\r\n<div>A：由星级、评价内容组成。</div>\r\n<div>3.Q：评价内容能填多少个字？</div>\r\n<div>A：评价内容可以填写1-500个字，超过500字则无法显示。</div>\r\n<div>4.Q：评价有什么好处？</div>\r\n<div>A：评价通过审核后，将获得相应奖励积分。</div>\r\n<div>5.Q：手机客户端可以评价吗？</div>\r\n<div>A：可以。</div>\r\n<div>6.Q：手机客户端评价可以送积分吗？</div>\r\n<div>A：可以，同网站端评价赠送的积分值相同。</div>\r\n<div>7.Q：在网站端购买的商品可以在手机上评价吗？</div>\r\n<div>A：可以，网站端购买的商品可以在手机端评价，手机端购买的商品也可在网站端评价。</div>\r\n<div>8.Q：消费后退款了，还能评价吗？</div>\r\n<div>A：可以。</div>\r\n<div>9.Q：未消费就退款了，还能评价吗？</div>\r\n<div>A：不能，只有消费后的商品才能进行评价。</div>\r\n<div>10.Q：评价后退款，已评价内容会消失吗？</div>\r\n<div>A：不会。</div>\r\n<div>11.Q：为什么不能成功提交评价？</div>\r\n<div>A：可能的情况有三种：（1）没有对星级打分 （2）评价内容中存在敏感词（3）未知错误</div>\r\n<div>12.Q：我提交的评价为什么没有在商品页面中显示？</div>\r\n<div>A：可能的情况：（1）评价还在等待系统管理员审核；（2）未知问题；</div>\r\n<div>13.Q：我的评价显示"审查中"是什么意思？</div>\r\n<div>A：显示评价"审核中"即代表您的评价需要等待网站的工作人员审核；</div>', 7, 1396420386, 1396761521, 0, 1, '', 0, 0, 20, 8, '', '', '', ''),
(13, '商家申请', '<p sizcache="10" sizset="31"><span style="color:#337fe5;font-family:simsun;font-size:16px;">商家朋友们： </span></p>\r\n<p>▷我们不是普通的团购，我们只做爱票优惠券，不压您的资金，消费者携优惠券到店消费时直接给您结算</p>\r\n<p>▷我们为您寻找最热爱尝试的消费者，消费能力有所保障</p>\r\n<p sizcache="10" sizset="32"><span>▷</span>我们的推广合作方式零风险，低成本，效果显著，我们主做优惠券，不占用您的资金</p>\r\n<p sizcache="10" sizset="33"><span>▷</span>我们的推广合作方式对商家的利益会进行最大程度的保障</p>\r\n<p sizcache="10" sizset="34"><span>▷</span>请相信，我们一直在努力做得更好</p>\r\n<p>&nbsp;</p>\r\n<p sizcache="10" sizset="35"><span style="color:#337fe5;font-family:simsun;font-size:16px;">业务合作：&nbsp;</span>&nbsp;</p>\r\n<p>▷地址：昆明市龙泉路237号春园小区六栋三单元5楼</p>\r\n<p sizcache="10" sizset="36"><span>▷</span>联系电话：0871-6393 3870&nbsp;</p>\r\n<p sizcache="10" sizset="36"><span class="pointer" id="useraddrcontainer"><span>▷e-mail:</span><span id="useraddr">piao@ynyan.cn</span></span></p>\r\n<p sizcache="10" sizset="37"><span>▷</span>联系QQ：8925 922 66</p>\r\n<p sizcache="10" sizset="37">&nbsp;</p>\r\n<p sizcache="10" sizset="37"><span style="color:#337fe5;font-family:simsun;font-size:16px;">商家申请&nbsp;</span>&nbsp;<a href="./user.php?city=kunming&amp;act=register">http://piao.ynyan.cn/user.php?city=kunming&amp;act=register</a></p>', 10, 1396387835, 1396769904, 0, 1, '', 0, 0, 42, 8, '', '', '', ''),
(16, '退换货保障', '<div class="sect"><p>糟糕！让您白来一趟！啥也没有……<img src="./public/emoticons/1.gif" width="24" height="24" border="0" alt="" /></p>\r\n<p>&nbsp;&nbsp;&nbsp;&nbsp;&nbsp;&nbsp;&nbsp; 系统管理员已经很努力更新了……<img src="./public/emoticons/85.gif" width="24" height="24" border="0" alt="" /></p>\r\n<p>&nbsp;&nbsp;&nbsp;&nbsp;&nbsp;&nbsp;&nbsp;&nbsp;&nbsp;&nbsp;&nbsp;&nbsp;&nbsp;&nbsp;&nbsp;&nbsp;&nbsp;&nbsp;&nbsp;&nbsp;&nbsp;&nbsp;&nbsp;&nbsp;&nbsp;&nbsp;&nbsp;&nbsp;&nbsp;&nbsp;&nbsp;&nbsp;&nbsp;&nbsp;&nbsp;&nbsp;明天再来看看吧<img src="./public/emoticons/63.gif" width="24" height="24" border="0" alt="" /></p>\r\n<p><span style="line-height:1.5;">&nbsp; &nbsp; &nbsp; &nbsp;</span><span style="line-height:1.5;"><b>&nbsp;</b></span><a href="http://www.ynyan.cn/forum-69-1.html " target="_blank"><b>爱票人论坛</b>&nbsp;点击进入</a><img src="./public/emoticons/82.gif" width="24" height="24" border="0" alt="" /></p>\r\n</div>', 9, 1396761372, 1396772294, 0, 1, '', 0, 0, 16, 8, '', '', '', ''),
(15, '隐私声明', '<p>请阅读我们所有的团购条款（包括使用和购买的条款）和隐私条款。最常见的信息如下：</p>\r\n<div>  <h3>隐私政策</h3>\r\n  <p>云南眼·爱票（云南眼旗下网站）非常重视对用户隐私权的保护，邮件、手机号、购买档案等个人资料为用户重 要隐私，我们承诺不会将个人资料用作它途；承诺不会在未获得用户许可的情况下擅自将用户的个人资料信息出借、出 让、出租或出售给任何第三方，除非：<br />\r\n    1. 用户同意让第三方共享资料；<br />\r\n    2. 用户同意公开其个人资料，享受为其提供的产品和服务；<br />\r\n    3. 本站需要听从法庭传票、法律命令或遵循法律程序；<br />\r\n    4. 在某些团购活动中，商家需要用户的姓名、手机号码，以便核实身份，防止竞争对手恶意购买。</p>\r\n</div>\r\n<div>  <h3>我们邮件将为您提供什么信息？</h3>\r\n  <p>在您的邮箱里，您将接受到我们网站日常的服务信息以及偶尔的与您的购买有关系的通知。我们尊重并保护您的个人隐 私权。我们将通过您的邮箱通知您每天的交易。</p>\r\n</div>\r\n<div>  <h3>这里的交易安全吗？</h3>\r\n  <p>必须的。在云南眼·爱票（云南眼）上的所有交易都是通过合法、正当且正经的付费方式进行的，如： 支付宝、财付通、易宝支付等。同时，请相信我们不会、不敢也无法获得您的任何支付帐号、支付密码等信息。</p>\r\n</div>\r\n<div>  <h3>如果提供商品的商家搬迁、倒闭、拒绝服务了怎么办？</h3>\r\n  <p>如果您的爱票还没有使用，我们将支付所有的钱。</p>\r\n</div>\r\n<div>  <h3>使用说明</h3>\r\n  <p>云南眼·爱票用户可以通过设定的密码来保护账户和资料安全。用户应当对其密码和爱票中的验证码的保密负全部责任。请 不要和他人分享此类信息。如果您使用的是公共电脑，请在离开电脑时退出云南眼·爱票以保证您的信息不被后来的使用者获 取。</p>\r\n</div>\r\n<div>  <h3>法律咨询</h3>\r\n  <p>如有任何问题，请联系我公司，联系电话：0871-63933870</p>\r\n</div>', 11, 1396420791, 1396761748, 0, 1, '', 0, 0, 15, 8, '', '', '', ''),
(17, '支付方式', '<div class="sect"><p>糟糕！让您白来一趟！啥也没有……<img src="./public/emoticons/1.gif" width="24" height="24" border="0" alt="" /></p>\r\n<p>&nbsp;&nbsp;&nbsp;&nbsp;&nbsp;&nbsp;&nbsp; 系统管理员已经很努力更新了……<img src="./public/emoticons/85.gif" width="24" height="24" border="0" alt="" /></p>\r\n<p>&nbsp;&nbsp;&nbsp;&nbsp;&nbsp;&nbsp;&nbsp;&nbsp;&nbsp;&nbsp;&nbsp;&nbsp;&nbsp;&nbsp;&nbsp;&nbsp;&nbsp;&nbsp;&nbsp;&nbsp;&nbsp;&nbsp;&nbsp;&nbsp;&nbsp;&nbsp;&nbsp;&nbsp;&nbsp;&nbsp;&nbsp;&nbsp;&nbsp;&nbsp;&nbsp;&nbsp;明天再来看看吧<img src="./public/emoticons/63.gif" width="24" height="24" border="0" alt="" /></p>\r\n<p><span style="line-height:1.5;">&nbsp; &nbsp; &nbsp; &nbsp;</span><span style="line-height:1.5;"><b>&nbsp;</b></span><a href="http://www.ynyan.cn/forum-69-1.html " target="_blank"><b>爱票人论坛</b>&nbsp;点击进入</a><img src="./public/emoticons/82.gif" width="24" height="24" border="0" alt="" /></p>\r\n</div>', 9, 1396761383, 1396772281, 0, 1, '', 0, 0, 10, 6, '', '', '', ''),
(18, '三包服务', '<div class="sect"><p>糟糕！让您白来一趟！啥也没有……<img src="./public/emoticons/1.gif" width="24" height="24" border="0" alt="" /></p>\r\n<p>&nbsp;&nbsp;&nbsp;&nbsp;&nbsp;&nbsp;&nbsp; 系统管理员已经很努力更新了……<img src="./public/emoticons/85.gif" width="24" height="24" border="0" alt="" /></p>\r\n<p>&nbsp;&nbsp;&nbsp;&nbsp;&nbsp;&nbsp;&nbsp;&nbsp;&nbsp;&nbsp;&nbsp;&nbsp;&nbsp;&nbsp;&nbsp;&nbsp;&nbsp;&nbsp;&nbsp;&nbsp;&nbsp;&nbsp;&nbsp;&nbsp;&nbsp;&nbsp;&nbsp;&nbsp;&nbsp;&nbsp;&nbsp;&nbsp;&nbsp;&nbsp;&nbsp;&nbsp;明天再来看看吧<img src="./public/emoticons/63.gif" width="24" height="24" border="0" alt="" /></p>\r\n<p><span style="line-height:1.5;">&nbsp; &nbsp; &nbsp; &nbsp;</span><span style="line-height:1.5;"><b>&nbsp;</b></span><a href="http://www.ynyan.cn/forum-69-1.html " target="_blank"><b>爱票人论坛</b>&nbsp;点击进入</a><img src="./public/emoticons/82.gif" width="24" height="24" border="0" alt="" /></p>\r\n</div>', 9, 1396761403, 1396772268, 0, 1, '', 0, 0, 13, 9, '', '', '', ''),
(19, '消保服务', '<div class="sect"><p>糟糕！让您白来一趟！啥也没有……<img src="./public/emoticons/1.gif" width="24" height="24" border="0" alt="" /></p>\r\n<p>&nbsp;&nbsp;&nbsp;&nbsp;&nbsp;&nbsp;&nbsp; 系统管理员已经很努力更新了……<img src="./public/emoticons/85.gif" width="24" height="24" border="0" alt="" /></p>\r\n<p>&nbsp;&nbsp;&nbsp;&nbsp;&nbsp;&nbsp;&nbsp;&nbsp;&nbsp;&nbsp;&nbsp;&nbsp;&nbsp;&nbsp;&nbsp;&nbsp;&nbsp;&nbsp;&nbsp;&nbsp;&nbsp;&nbsp;&nbsp;&nbsp;&nbsp;&nbsp;&nbsp;&nbsp;&nbsp;&nbsp;&nbsp;&nbsp;&nbsp;&nbsp;&nbsp;&nbsp;明天再来看看吧<img src="./public/emoticons/63.gif" width="24" height="24" border="0" alt="" /></p>\r\n<p><span style="line-height:1.5;">&nbsp; &nbsp; &nbsp; &nbsp;</span><span style="line-height:1.5;"><b>&nbsp;</b></span><a href="http://www.ynyan.cn/forum-69-1.html " target="_blank"><b>爱票人论坛</b>&nbsp;点击进入</a><img src="./public/emoticons/82.gif" width="24" height="24" border="0" alt="" /></p>\r\n</div>', 9, 1396761870, 1396772252, 0, 1, '', 0, 0, 11, 7, '', '', '', ''),
(21, '州市加盟', '<div class="sect"><p>糟糕！让您白来一趟！啥也没有……<img src="./public/emoticons/1.gif" width="24" height="24" border="0" alt="" /></p>\r\n<p>&nbsp;&nbsp;&nbsp;&nbsp;&nbsp;&nbsp;&nbsp; 系统管理员已经很努力更新了……<img src="./public/emoticons/85.gif" width="24" height="24" border="0" alt="" /></p>\r\n<p>&nbsp;&nbsp;&nbsp;&nbsp;&nbsp;&nbsp;&nbsp;&nbsp;&nbsp;&nbsp;&nbsp;&nbsp;&nbsp;&nbsp;&nbsp;&nbsp;&nbsp;&nbsp;&nbsp;&nbsp;&nbsp;&nbsp;&nbsp;&nbsp;&nbsp;&nbsp;&nbsp;&nbsp;&nbsp;&nbsp;&nbsp;&nbsp;&nbsp;&nbsp;&nbsp;&nbsp;明天再来看看吧<img src="./public/emoticons/63.gif" width="24" height="24" border="0" alt="" /></p>\r\n<p><span style="line-height:1.5;">&nbsp; &nbsp; &nbsp; &nbsp;</span><span style="line-height:1.5;"><b>&nbsp;</b></span><a href="http://www.ynyan.cn/forum-69-1.html " target="_blank"><b>爱票人论坛</b>&nbsp;点击进入</a><img src="./public/emoticons/82.gif" width="24" height="24" border="0" alt="" /></p>\r\n</div>', 11, 1396772831, 1396772831, 0, 1, '', 0, 0, 15, 6, '', '', '', '');

-- --------------------------------------------------------

--
-- 表的结构 `tg_article_cate`
--

CREATE TABLE IF NOT EXISTS `tg_article_cate` (
  `id` int(11) NOT NULL AUTO_INCREMENT,
  `title` varchar(255) NOT NULL,
  `brief` varchar(255) NOT NULL COMMENT '描述',
  `pid` int(11) NOT NULL,
  `is_effect` tinyint(4) NOT NULL,
  `is_delete` tinyint(4) NOT NULL,
  `type_id` tinyint(1) NOT NULL,
  `sort` int(11) NOT NULL,
  PRIMARY KEY (`id`)
) ENGINE=MyISAM  DEFAULT CHARSET=utf8 AUTO_INCREMENT=13 ;

--
-- 转存表中的数据 `tg_article_cate`
--

INSERT INTO `tg_article_cate` (`id`, `title`, `brief`, `pid`, `is_effect`, `is_delete`, `type_id`, `sort`) VALUES
(11, '公司信息', '', 0, 1, 0, 1, 1),
(10, '商务合作', '', 0, 1, 0, 1, 2),
(9, '服务保障', '', 0, 1, 0, 1, 4),
(7, '用户帮助', '', 0, 1, 0, 1, 3),
(12, '团购新闻', '', 0, 1, 0, 1, 0);

-- --------------------------------------------------------

--
-- 表的结构 `tg_attr_stock`
--

CREATE TABLE IF NOT EXISTS `tg_attr_stock` (
  `id` int(11) NOT NULL AUTO_INCREMENT,
  `deal_id` int(11) NOT NULL,
  `attr_cfg` text NOT NULL,
  `stock_cfg` int(11) NOT NULL,
  `attr_str` text NOT NULL,
  `buy_count` int(11) NOT NULL,
  PRIMARY KEY (`id`)
) ENGINE=MyISAM DEFAULT CHARSET=utf8 AUTO_INCREMENT=1 ;

-- --------------------------------------------------------

--
-- 表的结构 `tg_broadcast`
--

CREATE TABLE IF NOT EXISTS `tg_broadcast` (
  `id` int(11) NOT NULL AUTO_INCREMENT,
  `name` varchar(255) NOT NULL COMMENT '//标题',
  `link` varchar(255) NOT NULL COMMENT '//链接',
  `code` text NOT NULL,
  `is_effect` tinyint(1) NOT NULL,
  `image` varchar(255) NOT NULL,
  `city_ids` varchar(255) NOT NULL,
  PRIMARY KEY (`id`)
) ENGINE=MyISAM  DEFAULT CHARSET=utf8 AUTO_INCREMENT=12 ;

--
-- 转存表中的数据 `tg_broadcast`
--

INSERT INTO `tg_broadcast` (`id`, `name`, `link`, `code`, `is_effect`, `image`, `city_ids`) VALUES
(9, '高贵生活 坐享其成', 'http://piao.ynyan.cn/', 'index', 1, './public/attachment/201404/533c14684f69c.jpg', '1,2,3,4,5,6,7,8,9,10,11,12,13,14,15,16,17,18,19'),
(10, '测试', 'http://www.ynyan.cn', 'index', 1, './public/attachment/201404/533c1482dbf97.jpg', '1,2,3,4,5,6,7,8,9,10,11,12,13,14,15,16,17,18,19'),
(11, '测试1111111', 'http://', 'index', 1, './public/attachment/201404/533c149e98f48.jpg', '1,2,3,4,5,6,7,8,9,10,11,12,13,14,15,16,17,18,19');

-- --------------------------------------------------------

--
-- 表的结构 `tg_collection`
--

CREATE TABLE IF NOT EXISTS `tg_collection` (
  `id` int(11) NOT NULL AUTO_INCREMENT,
  `deal_id` int(10) NOT NULL,
  `user_id` int(10) NOT NULL,
  `create_time` int(11) NOT NULL,
  PRIMARY KEY (`id`)
) ENGINE=MyISAM  DEFAULT CHARSET=utf8 COMMENT='我的收藏表' AUTO_INCREMENT=2 ;

--
-- 转存表中的数据 `tg_collection`
--

INSERT INTO `tg_collection` (`id`, `deal_id`, `user_id`, `create_time`) VALUES
(1, 15, 34, 0);

-- --------------------------------------------------------

--
-- 表的结构 `tg_comment`
--

CREATE TABLE IF NOT EXISTS `tg_comment` (
  `id` int(11) NOT NULL AUTO_INCREMENT,
  `pid` int(11) NOT NULL,
  `type` int(11) NOT NULL,
  `point` int(11) NOT NULL,
  `rel_id` int(11) NOT NULL,
  PRIMARY KEY (`id`)
) ENGINE=MyISAM  DEFAULT CHARSET=utf8 AUTO_INCREMENT=3 ;

--
-- 转存表中的数据 `tg_comment`
--

INSERT INTO `tg_comment` (`id`, `pid`, `type`, `point`, `rel_id`) VALUES
(1, 13, 1, 5, 12),
(2, 34, 1, 0, 15);

-- --------------------------------------------------------

--
-- 表的结构 `tg_comment_type`
--

CREATE TABLE IF NOT EXISTS `tg_comment_type` (
  `id` int(11) NOT NULL AUTO_INCREMENT,
  `name` varchar(255) NOT NULL,
  `is_effect` tinyint(1) NOT NULL,
  `is_main` tinyint(1) NOT NULL,
  PRIMARY KEY (`id`)
) ENGINE=MyISAM  DEFAULT CHARSET=utf8 AUTO_INCREMENT=5 ;

--
-- 转存表中的数据 `tg_comment_type`
--

INSERT INTO `tg_comment_type` (`id`, `name`, `is_effect`, `is_main`) VALUES
(1, '总评', 1, 1),
(2, '口味', 1, 0),
(3, '服务', 1, 0),
(4, '环境', 1, 0);

-- --------------------------------------------------------

--
-- 表的结构 `tg_comment_type_link`
--

CREATE TABLE IF NOT EXISTS `tg_comment_type_link` (
  `comment_type_id` int(11) NOT NULL,
  `category_id` int(11) NOT NULL
) ENGINE=MyISAM DEFAULT CHARSET=utf8;

-- --------------------------------------------------------

--
-- 表的结构 `tg_conf`
--

CREATE TABLE IF NOT EXISTS `tg_conf` (
  `id` int(11) NOT NULL AUTO_INCREMENT,
  `name` varchar(255) NOT NULL,
  `value` text NOT NULL,
  `group_id` int(11) NOT NULL,
  `input_type` tinyint(1) NOT NULL COMMENT '配置输入的类型 0:文本输入 1:下拉框输入 2:图片上传 3:编辑器',
  `value_scope` text NOT NULL COMMENT '取值范围',
  `is_effect` tinyint(1) NOT NULL,
  `is_conf` tinyint(1) NOT NULL COMMENT '是否可配置 0: 可配置  1:不可配置',
  `sort` int(11) NOT NULL,
  PRIMARY KEY (`id`)
) ENGINE=MyISAM  DEFAULT CHARSET=utf8 AUTO_INCREMENT=116 ;

--
-- 转存表中的数据 `tg_conf`
--

INSERT INTO `tg_conf` (`id`, `name`, `value`, `group_id`, `input_type`, `value_scope`, `is_effect`, `is_conf`, `sort`) VALUES
(1, 'DEFAULT_ADMIN', 'admin', 1, 0, '', 1, 0, 0),
(2, 'URL_MODEL', '0', 1, 1, '0,1', 1, 1, 3),
(3, 'AUTH_KEY', 'tj', 1, 0, '', 1, 1, 4),
(4, 'TIME_ZONE', '8', 1, 1, '0,8', 1, 1, 1),
(5, 'ADMIN_LOG', '1', 1, 1, '0,1', 0, 1, 0),
(6, 'DB_VERSION', '2.1', 0, 0, '', 1, 0, 0),
(7, 'DB_VOL_MAXSIZE', '8000000', 1, 0, '', 1, 1, 11),
(8, 'WATER_MARK', './public/attachment/201011/4cdde85a27105.gif', 2, 2, '', 1, 1, 48),
(24, 'CURRENCY_UNIT', '￥', 3, 0, '', 1, 1, 21),
(10, 'BIG_WIDTH', '500', 2, 0, '', 1, 1, 49),
(11, 'BIG_HEIGHT', '350', 2, 0, '', 1, 1, 50),
(12, 'SMALL_WIDTH', '200', 2, 0, '', 1, 1, 51),
(13, 'SMALL_HEIGHT', '120', 2, 0, '', 1, 1, 52),
(14, 'WATER_ALPHA', '75', 2, 0, '', 1, 1, 53),
(15, 'WATER_POSITION', '4', 2, 1, '1,2,3,4,5', 1, 1, 54),
(16, 'MAX_IMAGE_SIZE', '300000', 2, 0, '', 1, 1, 55),
(17, 'ALLOW_IMAGE_EXT', 'jpg,gif,png', 2, 0, '', 1, 1, 56),
(18, 'MAX_FILE_SIZE', '1', 1, 0, '', 0, 1, 0),
(19, 'ALLOW_FILE_EXT', '1', 1, 0, '', 0, 1, 0),
(20, 'BG_COLOR', '#ffffff', 2, 0, '', 1, 1, 57),
(21, 'IS_WATER_MARK', '0', 2, 1, '0,1', 1, 1, 58),
(22, 'TEMPLATE', 'new_meituan', 3, 0, '', 1, 1, 17),
(25, 'SCORE_UNIT', '积分', 3, 0, '', 1, 1, 22),
(26, 'USER_VERIFY', '1', 4, 1, '0,1', 1, 1, 63),
(27, 'SHOP_LOGO', './public/attachment/201011/4cdd501dc023b.png', 3, 2, '', 1, 1, 19),
(28, 'SHOP_LANG', 'zh-cn', 3, 1, 'zh-cn,zh-tw,en-us', 1, 1, 18),
(29, 'SHOP_TITLE', '体检吧-智慧你的康检', 3, 0, '', 1, 1, 13),
(30, 'SHOP_KEYWORD', '体检吧-智慧你的康检', 3, 0, '', 1, 1, 15),
(31, 'SHOP_DESCRIPTION', '体检吧-智慧你的康检', 3, 0, '', 1, 1, 15),
(32, 'SHOP_TEL', '0871-63933870', 3, 0, '', 1, 1, 23),
(33, 'SIDE_DEAL_COUNT', '9', 3, 0, '', 1, 1, 29),
(34, 'SIDE_MESSAGE_COUNT', '3', 3, 0, '', 1, 1, 30),
(35, 'INVITE_REFERRALS', '5', 4, 0, '', 1, 1, 67),
(36, 'INVITE_REFERRALS_TYPE', '0', 4, 1, '0,1', 1, 1, 68),
(37, 'ONLINE_MSN', '', 3, 0, '', 1, 1, 24),
(38, 'ONLINE_QQ', '14732058|892592266', 3, 0, '', 1, 1, 25),
(39, 'ONLINE_TIME', '周一至周六 9:00-18:00', 3, 0, '', 1, 1, 26),
(40, 'DEAL_PAGE_SIZE', '6', 3, 0, '', 1, 1, 31),
(41, 'PAGE_SIZE', '6', 3, 0, '', 1, 1, 32),
(42, 'HELP_CATE_LIMIT', '4', 3, 0, '', 1, 1, 34),
(43, 'HELP_ITEM_LIMIT', '4', 3, 0, '', 1, 1, 35),
(44, 'SHOP_FOOTER', '<div style="text-align:center;">云南眼·爱票网(<a href="./">http://piao.ynyan.cn</a>) 吃喝玩乐 一票搞定&nbsp;<br />\r\n地址：云南省昆明市龙泉路237号春园六栋三单元5楼 &nbsp;客服：0871-63933870</div>\r\n', 3, 3, '', 1, 1, 37),
(45, 'USER_MESSAGE_AUTO_EFFECT', '0', 4, 1, '0,1', 1, 1, 64),
(46, 'SHOP_REFERRAL_HELP', '当好友接受您的邀请，在 云南眼·爱票网] 上首次成功购买，系统会在 1 小时内返还 ¥5 到您的 [云南眼·爱票网] 电子账户，下次团购时可直接用于支付。没有数量限制，邀请越多，返利越多。<br />\r\n<br />\r\n<span style="color:#f10b00;">友情接示：购买部份团购将不会产生返利或返利特定金额，请查看相关团购的具体说明 </span>', 3, 3, '', 1, 1, 38),
(47, 'SHOP_REFERRAL_SIDE_HELP', '<div class="side-tip referrals-side"><h3 class="first">在哪里可以看到我的返利？</h3>\r\n<p>如果邀请成功，在本页面会看到成功邀请列表。在"账户余额"页，可看到您目前电子账户的余额。返利金额不返现，可在下次团购时用于支付。</p>\r\n<h3>我邀请好友了，什么时候收到返利？</h3>\r\n<p>返利会在 24 小时内返还到您的帐户，并会发邮件通知您。</p>\r\n<h3>哪些情况会导致邀请返利失效？</h3>\r\n<ul class="invalid"><li>好友点击邀请链接后超过 72 小时才购买</li>\r\n<li>好友购买之前点击了其他人的邀请链接</li>\r\n<li>好友的本次购买不是首次购买</li>\r\n<li>由于最终团购人数没有达到人数下限，本次团购取消</li>\r\n</ul>\r\n<h3>自己邀请自己也能获得返利吗？</h3>\r\n<p>不可以。我们会人工核查，对于查实的作弊行为，扣除一切返利，并取消邀请返利的资格。</p>\r\n</div>\r\n', 3, 3, '', 1, 1, 39),
(48, 'MAIL_SEND_COUPON', '1', 5, 1, '0,1', 1, 1, 73),
(49, 'SMS_SEND_COUPON', '1', 5, 1, '0,1', 1, 1, 79),
(50, 'MAIL_SEND_PAYMENT', '1', 5, 1, '0,1', 1, 1, 75),
(51, 'SMS_SEND_PAYMENT', '0', 5, 1, '0,1', 1, 1, 81),
(62, 'REPLY_ADDRESS', '281608214@qq.com', 5, 0, '', 1, 1, 77),
(54, 'MAIL_SEND_DELIVERY', '1', 5, 1, '0,1', 1, 1, 76),
(55, 'SMS_SEND_DELIVERY', '0', 5, 1, '0,1', 1, 1, 82),
(56, 'MAIL_ON', '1', 5, 1, '0,1', 1, 1, 72),
(57, 'SMS_ON', '1', 5, 1, '0,1', 1, 1, 78),
(58, 'REFERRAL_LIMIT', '1', 4, 0, '', 1, 1, 69),
(59, 'SMS_COUPON_LIMIT', '3', 5, 0, '', 1, 1, 80),
(60, 'MAIL_COUPON_LIMIT', '3', 5, 0, '', 1, 1, 74),
(61, 'COUPON_NAME', '优惠券', 3, 0, '', 1, 1, 16),
(63, 'BATCH_PAGE_SIZE', '500', 3, 0, '', 1, 1, 33),
(64, 'COUPON_PRINT_TPL', '<div style="font-size:14px;border-top:#000000 1px solid;border-right:#000000 1px solid;border-bottom:#000000 1px solid;padding-bottom:10px;padding-top:10px;padding-left:10px;margin:0px auto;border-left:#000000 1px solid;padding-right:10px;width:600px;"><table class="dataEdit" cellspacing="0" cellpadding="0"><tbody><tr><td width="400"><img border="0" alt="" src="./public/attachment/201011/4cdd505195d40.gif" /> </td>\r\n<td style="font-size:22px;font-family:verdana;font-weight:bolder;" width="43%">序列号：{$bond.sn}<br />\r\n密码：{$bond.password} </td>\r\n</tr>\r\n<tr><td height="1" colspan="2"><div style="border-bottom:#000000 1px solid;width:100%;"></div>\r\n</td>\r\n</tr>\r\n<tr><td height="8" colspan="2"><br />\r\n</td>\r\n</tr>\r\n<tr><td style="font-size:28px;height:50px;font-family:微软雅黑;font-weight:bolder;padding-bottom:5px;padding-top:5px;padding-left:5px;padding-right:5px;" colspan="2">{$bond.name}</td>\r\n</tr>\r\n<tr><td style="line-height:22px;padding-right:20px;" width="400">{$bond.user_name}<br />\r\n生效时间:{$bond.begin_time_format}<br />\r\n过期时间:{$bond.end_time_format}<br />\r\n商家电话：<br />\r\n{$bond.tel}<br />\r\n商家地址:<br />\r\n{$bond.address}<br />\r\n交通路线:<br />\r\n{$bond.route}<br />\r\n营业时间：<br />\r\n{$bond.open_time}<br />\r\n</td>\r\n<td><div id="container" style="height:255px;width:255px;"></div>\r\n<br />\r\n</td>\r\n</tr>\r\n</tbody>\r\n</table>\r\n</div>\r\n', 3, 3, '', 1, 1, 40),
(65, 'PUBLIC_DOMAIN_ROOT', '', 2, 0, '', 1, 1, 59),
(66, 'SHOW_DEAL_CATE', '1', 3, 1, '0,1', 1, 1, 41),
(67, 'REFERRAL_IP_LIMIT', '0', 4, 1, '0,1', 1, 1, 71),
(68, 'UNSUBSCRIBE_MAIL_TIP', '您收到此邮件是因为您订阅了%s每日推荐更新。如果您不想继续接收此类邮件，可随时%s', 3, 0, '', 1, 1, 36),
(69, 'CART_ON', '1', 3, 1, '0,1', 1, 1, 42),
(70, 'REFERRALS_DELAY', '1', 4, 0, '', 1, 1, 70),
(71, 'SUBMIT_DELAY', '1', 1, 0, '', 1, 1, 13),
(72, 'APP_MSG_SENDER_OPEN', '0', 1, 1, '0,1', 1, 1, 9),
(73, 'ADMIN_MSG_SENDER_OPEN', '0', 1, 1, '0,1', 1, 1, 10),
(74, 'SHOP_OPEN', '1', 3, 1, '0,1', 1, 1, 46),
(75, 'SHOP_CLOSE_HTML', '<p>亲~！升级中~！分分钟就好！ 云南眼 <a href="http://www.ynya.cn/">www.ynya.cn</a></p>\r\n<p>&nbsp;</p>\r\n', 3, 3, '', 1, 1, 47),
(76, 'FOOTER_LOGO', './public/attachment/201011/4cdd50ed013ec.png', 3, 2, '', 1, 1, 20),
(77, 'GZIP_ON', '1', 1, 1, '0,1', 1, 1, 2),
(78, 'INTEGRATE_CODE', '', 0, 0, '', 1, 0, 0),
(79, 'INTEGRATE_CFG', '', 0, 0, '', 1, 0, 0),
(80, 'SHOP_SEO_TITLE', '体检吧-智慧你的康检', 3, 0, '', 1, 1, 14),
(81, 'CACHE_ON', '0', 1, 1, '0,1', 1, 1, 6),
(82, 'EXPIRED_TIME', '0', 1, 0, '', 1, 1, 5),
(83, 'USER_AVATAR', '1', 4, 1, '0,1', 1, 1, 65),
(84, 'STYLE_OPEN', '1', 3, 1, '0,1', 1, 1, 44),
(85, 'STYLE_DEFAULT', '1', 3, 1, '0,1', 1, 1, 45),
(86, 'TMPL_DOMAIN_ROOT', '', 2, 0, '0', 1, 1, 62),
(87, 'CACHE_TYPE', 'File', 1, 1, 'File,Xcache,Memcached', 1, 1, 7),
(88, 'MEMCACHE_HOST', '127.0.0.1:11211', 1, 0, '', 1, 1, 8),
(90, 'IMAGE_USERNAME', 'fl', 2, 0, '', 1, 1, 60),
(91, 'IMAGE_PASSWORD', 'admin', 2, 4, '', 1, 1, 61),
(92, 'MOBILE_MUST', '1', 4, 1, '0,1', 1, 1, 66),
(93, 'ATTR_SELECT', '1', 3, 1, '0,1', 1, 1, 43),
(94, 'ICP_LICENSE', '浙ICP备13003942号', 3, 0, '', 1, 1, 27),
(95, 'COUNT_CODE', '', 3, 0, '', 1, 1, 28),
(96, 'DEAL_MSG_LOCK', '0', 0, 0, '', 0, 0, 0),
(97, 'PROMOTE_MSG_LOCK', '0', 0, 0, '', 0, 0, 0),
(98, 'LIST_TYPE', '0', 3, 1, '0,1', 1, 1, 45),
(99, 'CN_LANG', '0', 3, 1, '0,1', 1, 1, 18),
(100, 'SUPPLIER_DETAIL', '1', 3, 1, '0,1', 1, 1, 45),
(101, 'KUAIDI_APP_KEY', '', 1, 0, '', 1, 1, 83),
(102, 'KUAIDI_TYPE', '2', 1, 1, '1,2', 1, 1, 84),
(103, 'SEND_SPAN', '2', 1, 0, '', 1, 1, 85),
(104, 'MAIL_USE_COUPON', '1', 5, 1, '0,1', 1, 1, 77),
(105, 'SMS_USE_COUPON', '1', 5, 1, '0,1', 1, 1, 83),
(106, 'LOTTERY_SMS_VERIFY', '0', 5, 1, '0,1', 1, 1, 84),
(107, 'LOTTERY_SN_SMS', '0', 5, 1, '0,1', 1, 1, 85),
(108, 'EDM_ON', '0', 5, 1, '0,1', 1, 1, 86),
(109, 'EDM_USERNAME', '', 5, 0, '', 1, 1, 87),
(110, 'EDM_PASSWORD', 'admin861204mysql', 5, 4, '', 1, 1, 88),
(111, 'USER_LOGIN_SCORE', '0', 4, 0, '', 1, 1, 89),
(112, 'USER_LOGIN_MONEY', '0', 4, 0, '', 1, 1, 90),
(113, 'USER_REGISTER_SCORE', '0', 4, 0, '', 1, 1, 91),
(114, 'USER_REGISTER_MONEY', '0', 4, 0, '', 1, 1, 92),
(115, 'BROADCAST', '1', 2, 1, '0,1', 1, 1, 55);

-- --------------------------------------------------------

--
-- 表的结构 `tg_coupon_log`
--

CREATE TABLE IF NOT EXISTS `tg_coupon_log` (
  `id` int(11) NOT NULL AUTO_INCREMENT,
  `coupon_sn` varchar(255) NOT NULL,
  `create_time` int(11) NOT NULL,
  `msg` text NOT NULL,
  `query_id` varchar(255) NOT NULL,
  PRIMARY KEY (`id`)
) ENGINE=MyISAM DEFAULT CHARSET=utf8 AUTO_INCREMENT=1 ;

-- --------------------------------------------------------

--
-- 表的结构 `tg_deal`
--

CREATE TABLE IF NOT EXISTS `tg_deal` (
  `id` int(11) NOT NULL AUTO_INCREMENT,
  `name` text NOT NULL,
  `sub_name` varchar(255) NOT NULL,
  `cate_id` int(11) NOT NULL,
  `supplier_id` int(11) NOT NULL,
  `img` varchar(255) NOT NULL,
  `description` text NOT NULL,
  `begin_time` int(11) NOT NULL,
  `end_time` int(11) NOT NULL,
  `min_bought` int(11) NOT NULL,
  `max_bought` int(11) NOT NULL,
  `user_min_bought` int(11) NOT NULL,
  `user_max_bought` int(11) NOT NULL,
  `origin_price` double(20,4) NOT NULL,
  `current_price` double(20,4) NOT NULL,
  `city_id` int(11) NOT NULL,
  `is_coupon` tinyint(1) NOT NULL,
  `is_delivery` tinyint(1) NOT NULL,
  `is_effect` tinyint(1) NOT NULL,
  `is_delete` tinyint(1) NOT NULL,
  `user_count` int(11) NOT NULL,
  `buy_count` int(11) NOT NULL,
  `time_status` tinyint(1) NOT NULL,
  `buy_status` tinyint(1) NOT NULL,
  `deal_type` tinyint(1) NOT NULL,
  `allow_promote` tinyint(1) NOT NULL,
  `return_money` double(20,4) NOT NULL,
  `return_score` int(11) NOT NULL,
  `brief` text NOT NULL,
  `sort` int(11) NOT NULL,
  `deal_goods_type` int(11) NOT NULL,
  `success_time` int(11) NOT NULL,
  `coupon_begin_time` int(11) NOT NULL,
  `coupon_end_time` int(11) NOT NULL,
  `code` varchar(255) NOT NULL,
  `weight` double(20,4) NOT NULL,
  `weight_id` int(11) NOT NULL,
  `is_referral` tinyint(1) NOT NULL,
  `buy_type` tinyint(1) NOT NULL,
  `discount` double(20,4) NOT NULL,
  `icon` varchar(255) NOT NULL,
  `notice` tinyint(1) NOT NULL,
  `free_delivery` tinyint(1) NOT NULL,
  `define_payment` tinyint(1) NOT NULL,
  `seo_title` text NOT NULL,
  `seo_keyword` text NOT NULL,
  `seo_description` text NOT NULL,
  `is_hot` tinyint(1) NOT NULL,
  `is_new` tinyint(1) NOT NULL,
  `is_best` tinyint(1) NOT NULL,
  `is_lottery` tinyint(1) NOT NULL,
  `reopen` int(11) NOT NULL,
  `uname` varchar(255) NOT NULL,
  `forbid_sms` tinyint(1) NOT NULL,
  `cart_type` tinyint(1) NOT NULL,
  `hide_supplier_detail` tinyint(1) NOT NULL,
  `area_id` int(11) NOT NULL,
  `publish_wait` tinyint(1) NOT NULL COMMENT '0:已审核 1:等待审核',
  `account_id` int(11) NOT NULL,
  `create_time` int(11) NOT NULL,
  PRIMARY KEY (`id`)
) ENGINE=MyISAM  DEFAULT CHARSET=utf8 AUTO_INCREMENT=18 ;

--
-- 转存表中的数据 `tg_deal`
--

INSERT INTO `tg_deal` (`id`, `name`, `sub_name`, `cate_id`, `supplier_id`, `img`, `description`, `begin_time`, `end_time`, `min_bought`, `max_bought`, `user_min_bought`, `user_max_bought`, `origin_price`, `current_price`, `city_id`, `is_coupon`, `is_delivery`, `is_effect`, `is_delete`, `user_count`, `buy_count`, `time_status`, `buy_status`, `deal_type`, `allow_promote`, `return_money`, `return_score`, `brief`, `sort`, `deal_goods_type`, `success_time`, `coupon_begin_time`, `coupon_end_time`, `code`, `weight`, `weight_id`, `is_referral`, `buy_type`, `discount`, `icon`, `notice`, `free_delivery`, `define_payment`, `seo_title`, `seo_keyword`, `seo_description`, `is_hot`, `is_new`, `is_best`, `is_lottery`, `reopen`, `uname`, `forbid_sms`, `cart_type`, `hide_supplier_detail`, `area_id`, `publish_wait`, `account_id`, `create_time`) VALUES
(15, '端木赐百花蜂巢蜜 野生土蜂蜜纯天然农家自产成熟蜂蜜500g正品', '野生土蜂蜜纯天然农家自产成熟蜂蜜500g', 28, 8, './public/attachment/201404/53404ab4a5b4c.jpg', '<p>端木赐百花蜂巢蜜 野生土蜂蜜纯天然农家自产成熟蜂蜜fengmi正品 </p>\r\n<p>最原生态的蜂蜜 未有任何人工加工 100%纯天然 嚼着吃的蜂蜜 7折包邮 </p>\r\n', 1403605080, 1412504341, 1, 111, 1, 5, 179.8000, 79.8000, 1, 0, 0, 1, 0, 1, 2, 1, 1, 0, 0, 0.0000, 0, '端木赐百花蜂巢蜜 野生土蜂蜜纯天然农家自产成熟蜂蜜fengmi正品！最原生态的蜂蜜 未有任何人工加工 100%纯天然 嚼着吃的蜂蜜 7折包邮', 0, 3, 1396693129, 0, 0, '', 500.0000, 1, 0, 0, 0.0000, './public/attachment/201406/53abc9f6776cd.jpg', 0, 0, 0, '', '', '', 0, 0, 0, 0, 0, '', 0, 0, 0, 0, 0, 8, 1396693104),
(17, 'ceshi', 'ceshi', 45, 8, '', 'ceshi', 0, 0, 0, 1, 0, 1, 100.0000, 50.0000, 1, 0, 0, 1, 0, 0, 0, 1, 1, 0, 0, 0.0000, 0, 'ceshi', 1, 0, 1403825609, 0, 0, '', 0.0000, 1, 0, 0, 0.0000, '', 1, 0, 0, '', '', '', 0, 0, 0, 0, 0, '', 0, 0, 0, 0, 0, 0, 0);

-- --------------------------------------------------------

--
-- 表的结构 `tg_deal_attr`
--

CREATE TABLE IF NOT EXISTS `tg_deal_attr` (
  `id` int(11) NOT NULL AUTO_INCREMENT,
  `name` varchar(255) NOT NULL,
  `goods_type_attr_id` int(11) NOT NULL,
  `price` double(20,4) NOT NULL,
  `deal_id` int(11) NOT NULL,
  `is_checked` tinyint(1) NOT NULL,
  PRIMARY KEY (`id`)
) ENGINE=MyISAM  DEFAULT CHARSET=utf8 AUTO_INCREMENT=44 ;

--
-- 转存表中的数据 `tg_deal_attr`
--

INSERT INTO `tg_deal_attr` (`id`, `name`, `goods_type_attr_id`, `price`, `deal_id`, `is_checked`) VALUES
(43, '随时退', 4, 0.0000, 15, 0),
(42, '真实评价', 4, 0.0000, 15, 0);

-- --------------------------------------------------------

--
-- 表的结构 `tg_deal_cart`
--

CREATE TABLE IF NOT EXISTS `tg_deal_cart` (
  `id` int(11) NOT NULL AUTO_INCREMENT,
  `session_id` varchar(255) NOT NULL,
  `user_id` int(11) NOT NULL,
  `deal_id` int(11) NOT NULL,
  `name` text NOT NULL,
  `attr` varchar(255) NOT NULL,
  `unit_price` double(20,4) NOT NULL,
  `number` int(11) NOT NULL,
  `total_price` double(20,4) NOT NULL,
  `verify_code` varchar(255) NOT NULL,
  `create_time` int(11) NOT NULL,
  `update_time` int(11) NOT NULL,
  `return_money` double(20,4) NOT NULL,
  `return_total_money` double(20,4) NOT NULL,
  `return_score` int(11) NOT NULL,
  `return_total_score` int(11) NOT NULL,
  `buy_type` tinyint(1) NOT NULL,
  `sub_name` varchar(255) NOT NULL,
  `supplier_id` int(11) NOT NULL,
  `attr_str` text NOT NULL,
  PRIMARY KEY (`id`)
) ENGINE=MyISAM  DEFAULT CHARSET=utf8 AUTO_INCREMENT=53 ;

-- --------------------------------------------------------

--
-- 表的结构 `tg_deal_cate`
--

CREATE TABLE IF NOT EXISTS `tg_deal_cate` (
  `id` int(11) NOT NULL AUTO_INCREMENT,
  `name` varchar(255) NOT NULL,
  `brief` text NOT NULL,
  `pid` int(11) NOT NULL,
  `is_delete` tinyint(1) NOT NULL,
  `is_effect` tinyint(1) NOT NULL,
  `sort` int(11) NOT NULL,
  `uname` varchar(255) NOT NULL,
  PRIMARY KEY (`id`)
) ENGINE=MyISAM  DEFAULT CHARSET=utf8 AUTO_INCREMENT=48 ;

--
-- 转存表中的数据 `tg_deal_cate`
--

INSERT INTO `tg_deal_cate` (`id`, `name`, `brief`, `pid`, `is_delete`, `is_effect`, `sort`, `uname`) VALUES
(28, '产后体检套餐', '', 0, 0, 1, 5, 'chanhou'),
(47, '团体体检套餐', '', 0, 0, 1, 7, 'group'),
(46, '疾病预防体检', '', 0, 0, 1, 6, 'disease'),
(45, '老年体检套餐', '', 0, 0, 1, 4, 'aged'),
(44, '职场白领体检套餐', '', 0, 0, 1, 3, 'whitecollar'),
(43, '个人体检套餐', '', 0, 0, 1, 8, 'geren');

-- --------------------------------------------------------

--
-- 表的结构 `tg_deal_city`
--

CREATE TABLE IF NOT EXISTS `tg_deal_city` (
  `id` int(11) NOT NULL AUTO_INCREMENT,
  `name` varchar(255) NOT NULL,
  `uname` varchar(255) NOT NULL,
  `is_effect` tinyint(1) NOT NULL,
  `is_delete` tinyint(1) NOT NULL,
  `pid` int(11) NOT NULL,
  `is_open` tinyint(1) NOT NULL,
  `is_default` tinyint(1) NOT NULL,
  `description` text NOT NULL,
  `notice` text NOT NULL,
  `seo_title` text NOT NULL,
  `seo_keyword` text NOT NULL,
  `seo_description` text NOT NULL,
  `sort` int(11) NOT NULL,
  PRIMARY KEY (`id`)
) ENGINE=MyISAM  DEFAULT CHARSET=utf8 AUTO_INCREMENT=21 ;

--
-- 转存表中的数据 `tg_deal_city`
--

INSERT INTO `tg_deal_city` (`id`, `name`, `uname`, `is_effect`, `is_delete`, `pid`, `is_open`, `is_default`, `description`, `notice`, `seo_title`, `seo_keyword`, `seo_description`, `sort`) VALUES
(1, '浙江', 'zhejiang', 1, 0, 0, 1, 1, '', '', '', '', '', 0);

-- --------------------------------------------------------

--
-- 表的结构 `tg_deal_city_area`
--

CREATE TABLE IF NOT EXISTS `tg_deal_city_area` (
  `id` int(11) NOT NULL AUTO_INCREMENT,
  `name` varchar(255) NOT NULL,
  `uname` varchar(255) NOT NULL,
  `is_effect` tinyint(1) NOT NULL,
  `is_delete` tinyint(1) NOT NULL,
  `city_id` int(11) NOT NULL,
  `pid` int(11) NOT NULL,
  `description` text NOT NULL,
  `sort` int(11) NOT NULL,
  PRIMARY KEY (`id`),
  KEY `search_idx` (`is_delete`,`is_effect`,`city_id`,`pid`,`sort`) USING BTREE
) ENGINE=MyISAM  DEFAULT CHARSET=utf8 AUTO_INCREMENT=8 ;

-- --------------------------------------------------------

--
-- 表的结构 `tg_deal_coupon`
--

CREATE TABLE IF NOT EXISTS `tg_deal_coupon` (
  `id` int(11) NOT NULL AUTO_INCREMENT,
  `sn` varchar(255) NOT NULL,
  `password` varchar(255) NOT NULL,
  `begin_time` int(11) NOT NULL,
  `end_time` int(11) NOT NULL,
  `is_valid` tinyint(1) NOT NULL,
  `user_id` int(11) NOT NULL,
  `deal_id` int(11) NOT NULL,
  `order_id` int(11) NOT NULL,
  `order_deal_id` int(11) NOT NULL,
  `is_new` tinyint(1) NOT NULL,
  `supplier_id` int(11) NOT NULL,
  `confirm_account` int(11) NOT NULL,
  `is_delete` tinyint(1) NOT NULL,
  `confirm_time` int(11) NOT NULL,
  `mail_count` int(11) NOT NULL,
  `sms_count` int(11) NOT NULL,
  PRIMARY KEY (`id`),
  UNIQUE KEY `unk_sn` (`sn`) USING BTREE
) ENGINE=MyISAM  DEFAULT CHARSET=utf8 AUTO_INCREMENT=14 ;

-- --------------------------------------------------------

--
-- 表的结构 `tg_deal_delivery`
--

CREATE TABLE IF NOT EXISTS `tg_deal_delivery` (
  `id` int(11) NOT NULL AUTO_INCREMENT,
  `deal_id` int(11) NOT NULL,
  `delivery_id` int(11) NOT NULL,
  PRIMARY KEY (`id`)
) ENGINE=MyISAM DEFAULT CHARSET=utf8 AUTO_INCREMENT=1 ;

-- --------------------------------------------------------

--
-- 表的结构 `tg_deal_gallery`
--

CREATE TABLE IF NOT EXISTS `tg_deal_gallery` (
  `id` int(11) NOT NULL AUTO_INCREMENT,
  `img` varchar(255) NOT NULL,
  `deal_id` int(11) NOT NULL,
  `sort` tinyint(1) NOT NULL,
  PRIMARY KEY (`id`)
) ENGINE=MyISAM  DEFAULT CHARSET=utf8 AUTO_INCREMENT=408 ;

--
-- 转存表中的数据 `tg_deal_gallery`
--

INSERT INTO `tg_deal_gallery` (`id`, `img`, `deal_id`, `sort`) VALUES
(220, './public/images/201011/big/4cddf741c5de4.jpg', 1, 6),
(219, './public/images/201011/big/4cddf741c5de4.jpg', 1, 1),
(171, './public/images/201011/big/4cddf741c5de4.jpg', 2, 0),
(172, './public/images/201011/big/4cddf741c5de4.jpg', 2, 1),
(221, './public/images/201011/big/4cddf741c5de4.jpg', 3, 0),
(227, './public/images/201011/big/4cddf741c5de4.jpg', 4, 0),
(177, './public/images/201011/big/4cddf741c5de4.jpg', 5, 0),
(368, './public/images/201011/big/4cddf741c5de4.jpg', 6, 0),
(218, './public/images/201011/big/4cddf741c5de4.jpg', 1, 0),
(333, './public/attachment/201403/53398ff961c49.jpg', 7, 4),
(332, './public/attachment/201403/53398fcd03188.gif', 7, 0),
(381, './public/attachment/201404/533a4239b8b19.gif', 9, 0),
(367, './public/attachment/201404/533bc123905c0.jpg', 11, 2),
(366, './public/attachment/201404/533bc11914387.jpg', 11, 0),
(306, './public/attachment/201404/533bdfebba979.jpg', 12, 3),
(305, './public/attachment/201404/533bdfd76e0fe.jpg', 12, 2),
(304, './public/attachment/201404/533bdfd0afd45.jpg', 12, 1),
(303, './public/attachment/201404/533bdfc9625d5.jpg', 12, 0),
(316, './public/attachment/201404/533e73daec34d.jpg', 13, 0),
(317, './public/attachment/201404/533e73e6c87e4.jpg', 13, 1),
(380, './public/attachment/201404/533efb1e49b6b.png', 14, 1),
(379, './public/attachment/201404/533efb10aa9d3.png', 14, 0),
(407, './public/attachment/201404/53404ae438f79.jpg', 15, 4),
(406, './public/attachment/201404/53404ad89d2ac.jpg', 15, 3),
(405, './public/attachment/201404/53404acba7d20.jpg', 15, 2),
(404, './public/attachment/201404/53404ac0ab9e9.jpg', 15, 1),
(403, './public/attachment/201404/53404ab4a5b4c.jpg', 15, 0),
(382, './public/attachment/201404/5340d8e16cf59.png', 16, 0);

-- --------------------------------------------------------

--
-- 表的结构 `tg_deal_msg_list`
--

CREATE TABLE IF NOT EXISTS `tg_deal_msg_list` (
  `id` int(11) NOT NULL AUTO_INCREMENT,
  `dest` varchar(255) NOT NULL,
  `send_type` tinyint(1) NOT NULL,
  `content` text NOT NULL,
  `send_time` int(11) NOT NULL,
  `is_send` tinyint(1) NOT NULL,
  `create_time` int(11) NOT NULL,
  `user_id` int(11) NOT NULL,
  `result` text NOT NULL,
  `is_success` tinyint(1) NOT NULL,
  `is_html` tinyint(1) NOT NULL,
  `title` text NOT NULL,
  PRIMARY KEY (`id`)
) ENGINE=MyISAM  DEFAULT CHARSET=utf8 AUTO_INCREMENT=68 ;

--
-- 转存表中的数据 `tg_deal_msg_list`
--

INSERT INTO `tg_deal_msg_list` (`id`, `dest`, `send_type`, `content`, `send_time`, `is_send`, `create_time`, `user_id`, `result`, `is_success`, `is_html`, `title`) VALUES
(57, '2214032960@qq.com', 1, '木槿你好,你所下订单2014040302561636的收款单2014040302561770金额￥10于2014-04-03 14:56:17支付成功', 1396479377, 1, 1396479377, 13, '', 1, 0, '收款通知'),
(58, '2214032960@qq.com', 1, '木槿你好! 你购买的昆明动物园门票成人票10元/人已购买成功，团购券序列号12658874密码62393331,有效期为不限开始时间到不限到期时间', 1396479380, 1, 1396479377, 13, '', 1, 0, '您已获得团购券'),
(59, '15808715622', 0, '木槿你好! 你购买的回馈网友，昆明野生动物园限时10元/人成人票发放已购买成功，团购券序列号12658874密码62393331,有效期为不限开始时间到不限到期时间', 1396479381, 1, 1396479377, 13, '发送成功', 1, 0, ''),
(60, '2214032960@qq.com', 1, '木槿你好! 你购买的昆明动物园门票成人票10元/人，团购券12658874，已于2014-04-03 15:09:01使用', 1396480142, 1, 1396480141, 13, '', 1, 0, ''),
(61, '130131960@qq.com', 1, 'ynyan你好,你所下订单2014040712223490的收款单2014040712223480金额￥2.8于2014-04-07 12:23:54支付成功', 1396815834, 1, 1396815834, 16, '', 1, 0, '收款通知'),
(62, '130131960@qq.com', 1, 'ynyan你好! 你购买的[云南财经大学]回味时光大红门火锅已购买成功，团购券序列号11145812密码36646238,有效期为不限开始时间到不限到期时间', 1396815836, 1, 1396815834, 16, '', 1, 0, '您已获得团购券'),
(63, '15808715622', 0, 'ynyan你好! 你购买的[云财大]回味时光大红门火锅45元/份已购买成功，团购券序列号11145812密码36646238,有效期为不限开始时间到不限到期时间', 1396815837, 1, 1396815834, 16, '发送成功', 1, 0, ''),
(64, '130131960@qq.com', 1, 'ynyan你好! 你购买的[云南财经大学]回味时光大红门火锅，团购券11145812，已于2014-04-07 12:47:21使用', 1396817243, 1, 1396817241, 16, '', 1, 0, ''),
(65, 'itfooter@vip.qq.com', 1, 'itfooter你好,你所下订单2014062606021926的收款单2014062606062223金额￥79.8于2014-06-26 18:06:22支付成功', 0, 0, 1403748382, 34, '', 0, 0, '收款通知'),
(66, 'itfooter@vip.qq.com', 1, 'itfooter你好,你所下订单2014062606021926的收款单2014062606065654金额￥79.8于2014-06-26 18:06:56支付成功', 0, 0, 1403748416, 34, '', 0, 0, '收款通知'),
(67, 'itfooter@vip.qq.com', 1, 'itfooter你好,你所下订单2014062606021926的收款单2014062606072472金额￥79.8于2014-06-26 18:07:24支付成功', 1403824351, 0, 1403748444, 34, '发件失败的发件人地址piao@ynyan.cn', 0, 0, '收款通知');

-- --------------------------------------------------------

--
-- 表的结构 `tg_deal_order`
--

CREATE TABLE IF NOT EXISTS `tg_deal_order` (
  `id` int(11) NOT NULL AUTO_INCREMENT,
  `order_sn` varchar(255) NOT NULL,
  `type` tinyint(1) NOT NULL,
  `user_id` int(11) NOT NULL,
  `create_time` int(11) NOT NULL,
  `update_time` int(11) NOT NULL,
  `pay_status` tinyint(1) NOT NULL,
  `total_price` double(20,4) NOT NULL,
  `pay_amount` double(20,4) NOT NULL,
  `delivery_status` tinyint(1) NOT NULL,
  `order_status` tinyint(1) NOT NULL,
  `is_delete` tinyint(1) NOT NULL,
  `return_total_score` int(11) NOT NULL,
  `refund_amount` double(20,4) NOT NULL,
  `admin_memo` text NOT NULL,
  `memo` text NOT NULL,
  `region_lv1` int(11) NOT NULL,
  `region_lv2` int(11) NOT NULL,
  `region_lv3` int(11) NOT NULL,
  `region_lv4` int(11) NOT NULL,
  `address` text NOT NULL,
  `mobile` varchar(255) NOT NULL,
  `zip` varchar(255) NOT NULL,
  `consignee` varchar(255) NOT NULL,
  `deal_total_price` double(20,4) NOT NULL,
  `discount_price` double(20,4) NOT NULL,
  `delivery_fee` double(20,4) NOT NULL,
  `ecv_money` double(20,4) NOT NULL,
  `account_money` double(20,4) NOT NULL,
  `delivery_id` int(11) NOT NULL,
  `payment_id` int(11) NOT NULL,
  `payment_fee` double(20,4) NOT NULL,
  `return_total_money` double(20,4) NOT NULL,
  `extra_status` tinyint(1) NOT NULL,
  `after_sale` tinyint(1) NOT NULL,
  `refund_money` double(20,4) NOT NULL,
  `bank_id` varchar(255) NOT NULL,
  `referer` varchar(255) NOT NULL,
  `deal_ids` varchar(255) NOT NULL,
  `user_name` varchar(255) NOT NULL,
  PRIMARY KEY (`id`),
  UNIQUE KEY `unique_sn` (`order_sn`),
  FULLTEXT KEY `deal_ids` (`deal_ids`)
) ENGINE=MyISAM  DEFAULT CHARSET=utf8 AUTO_INCREMENT=14 ;

--
-- 转存表中的数据 `tg_deal_order`
--

INSERT INTO `tg_deal_order` (`id`, `order_sn`, `type`, `user_id`, `create_time`, `update_time`, `pay_status`, `total_price`, `pay_amount`, `delivery_status`, `order_status`, `is_delete`, `return_total_score`, `refund_amount`, `admin_memo`, `memo`, `region_lv1`, `region_lv2`, `region_lv3`, `region_lv4`, `address`, `mobile`, `zip`, `consignee`, `deal_total_price`, `discount_price`, `delivery_fee`, `ecv_money`, `account_money`, `delivery_id`, `payment_id`, `payment_fee`, `return_total_money`, `extra_status`, `after_sale`, `refund_money`, `bank_id`, `referer`, `deal_ids`, `user_name`) VALUES
(13, '2014062606021926', 0, 34, 1403748139, 1403748447, 2, 79.8000, 79.8000, 5, 1, 0, 0, 0.0000, '', '', 0, 0, 0, 0, '', '', '', '', 79.8000, 0.0000, 0.0000, 0.0000, 79.8000, 0, 1, 0.0000, 0.0000, 1, 0, 0.0000, '', '', '15', 'itfooter');

-- --------------------------------------------------------

--
-- 表的结构 `tg_deal_order_item`
--

CREATE TABLE IF NOT EXISTS `tg_deal_order_item` (
  `id` int(11) NOT NULL AUTO_INCREMENT,
  `deal_id` int(11) NOT NULL,
  `number` int(11) NOT NULL,
  `unit_price` double(20,4) NOT NULL,
  `total_price` double(20,4) NOT NULL,
  `delivery_status` tinyint(1) NOT NULL,
  `name` text NOT NULL,
  `return_score` int(11) NOT NULL,
  `return_total_score` int(11) NOT NULL,
  `attr` varchar(255) NOT NULL,
  `verify_code` varchar(255) NOT NULL,
  `order_id` int(11) NOT NULL,
  `return_money` double(20,4) NOT NULL,
  `return_total_money` double(20,4) NOT NULL,
  `buy_type` tinyint(1) NOT NULL,
  `sub_name` varchar(255) NOT NULL,
  `attr_str` text NOT NULL,
  `buy_status` tinyint(1) unsigned zerofill NOT NULL DEFAULT '0' COMMENT '0:正常，1:申请退款，2:已退款',
  PRIMARY KEY (`id`)
) ENGINE=MyISAM  DEFAULT CHARSET=utf8 AUTO_INCREMENT=14 ;

--
-- 转存表中的数据 `tg_deal_order_item`
--

INSERT INTO `tg_deal_order_item` (`id`, `deal_id`, `number`, `unit_price`, `total_price`, `delivery_status`, `name`, `return_score`, `return_total_score`, `attr`, `verify_code`, `order_id`, `return_money`, `return_total_money`, `buy_type`, `sub_name`, `attr_str`, `buy_status`) VALUES
(13, 15, 1, 79.8000, 79.8000, 0, '端木赐百花蜂巢蜜 野生土蜂蜜纯天然农家自产成熟蜂蜜500g正品', 0, 0, '0', 'c705e1dcbf1d5c8cece7911a3bae1c0e', 13, 0.0000, 0.0000, 0, '野生土蜂蜜纯天然农家自产成熟蜂蜜500g', '', 0);

-- --------------------------------------------------------

--
-- 表的结构 `tg_deal_order_log`
--

CREATE TABLE IF NOT EXISTS `tg_deal_order_log` (
  `id` int(11) NOT NULL AUTO_INCREMENT,
  `log_info` text NOT NULL,
  `log_time` int(11) NOT NULL,
  `order_id` int(11) NOT NULL,
  PRIMARY KEY (`id`)
) ENGINE=MyISAM  DEFAULT CHARSET=utf8 AUTO_INCREMENT=17 ;

--
-- 转存表中的数据 `tg_deal_order_log`
--

INSERT INTO `tg_deal_order_log` (`id`, `log_info`, `log_time`, `order_id`) VALUES
(1, '修改退款总额为￥100退款了100', 1290014502, 4),
(2, '修改退款总额为￥200退款了100', 1290014573, 4),
(3, '修改退款总额为￥300退款修改为300', 1290014586, 4),
(4, '发货成功bbcde自备红色已发货了', 1290014604, 4),
(5, '发货成功20101118093651518积分商品也发货了', 1290015411, 4),
(6, '20101113101313235结单成功', 1290015421, 4),
(13, '2014062606021926创建收款单2014062606065654收款成功已收款', 1403748416, 13),
(12, '2014062606021926创建收款单2014062606062223收款成功', 1403748382, 13),
(11, '2014062606021926结单成功', 1403748223, 13),
(14, '2014062606021926开放订单成功', 1403748438, 13),
(15, '2014062606021926创建收款单2014062606072472收款成功顺风使舵', 1403748444, 13),
(16, '2014062606021926结单成功', 1403748447, 13);

-- --------------------------------------------------------

--
-- 表的结构 `tg_deal_payment`
--

CREATE TABLE IF NOT EXISTS `tg_deal_payment` (
  `id` int(11) NOT NULL AUTO_INCREMENT,
  `deal_id` int(11) NOT NULL,
  `payment_id` int(11) NOT NULL,
  PRIMARY KEY (`id`)
) ENGINE=MyISAM  DEFAULT CHARSET=utf8 AUTO_INCREMENT=13 ;

-- --------------------------------------------------------

--
-- 表的结构 `tg_delivery`
--

CREATE TABLE IF NOT EXISTS `tg_delivery` (
  `id` int(11) NOT NULL AUTO_INCREMENT,
  `name` varchar(255) NOT NULL,
  `description` text NOT NULL,
  `first_fee` double(20,4) NOT NULL,
  `allow_default` tinyint(1) NOT NULL,
  `sort` int(11) NOT NULL,
  `first_weight` double(20,4) NOT NULL,
  `continue_weight` double(20,4) NOT NULL,
  `continue_fee` double(20,4) NOT NULL,
  `weight_id` int(11) NOT NULL,
  `is_effect` tinyint(1) NOT NULL,
  PRIMARY KEY (`id`)
) ENGINE=MyISAM  DEFAULT CHARSET=utf8 AUTO_INCREMENT=7 ;

--
-- 转存表中的数据 `tg_delivery`
--

INSERT INTO `tg_delivery` (`id`, `name`, `description`, `first_fee`, `allow_default`, `sort`, `first_weight`, `continue_weight`, `continue_fee`, `weight_id`, `is_effect`) VALUES
(6, '云南眼配送', '云南眼配送送，昆明市区免费配送', 10.0000, 1, 1, 0.0000, 0.0000, 0.0000, 1, 1);

-- --------------------------------------------------------

--
-- 表的结构 `tg_delivery_fee`
--

CREATE TABLE IF NOT EXISTS `tg_delivery_fee` (
  `id` int(11) NOT NULL AUTO_INCREMENT,
  `delivery_id` int(11) NOT NULL,
  `region_ids` text NOT NULL,
  `first_fee` double(20,4) NOT NULL,
  `first_weight` double(20,4) NOT NULL,
  `continue_fee` double(20,4) NOT NULL,
  `continue_weight` double(20,4) NOT NULL,
  PRIMARY KEY (`id`)
) ENGINE=MyISAM  DEFAULT CHARSET=utf8 AUTO_INCREMENT=31 ;

--
-- 转存表中的数据 `tg_delivery_fee`
--

INSERT INTO `tg_delivery_fee` (`id`, `delivery_id`, `region_ids`, `first_fee`, `first_weight`, `continue_fee`, `continue_weight`) VALUES
(30, 6, '518,519,520,521,522,523,524,525,526,527,528,529,530,518,519,520,521,522,523,524,525,526,527,528,529,530,53', 0.0000, 0.0000, 0.0000, 0.0000);

-- --------------------------------------------------------

--
-- 表的结构 `tg_delivery_notice`
--

CREATE TABLE IF NOT EXISTS `tg_delivery_notice` (
  `id` int(11) NOT NULL AUTO_INCREMENT,
  `notice_sn` varchar(255) NOT NULL,
  `delivery_time` int(11) NOT NULL,
  `is_arrival` tinyint(1) NOT NULL,
  `arrival_time` int(11) NOT NULL,
  `order_item_id` int(11) NOT NULL,
  `user_id` int(11) NOT NULL,
  `memo` text NOT NULL,
  `express_id` int(11) NOT NULL,
  PRIMARY KEY (`id`)
) ENGINE=MyISAM  DEFAULT CHARSET=utf8 AUTO_INCREMENT=5 ;

--
-- 转存表中的数据 `tg_delivery_notice`
--

INSERT INTO `tg_delivery_notice` (`id`, `notice_sn`, `delivery_time`, `is_arrival`, `arrival_time`, `order_item_id`, `user_id`, `memo`, `express_id`) VALUES
(1, 'ABCDE', 1289862972, 1, 1289863012, 4, 1, '测试发货', 0),
(2, 'ABCDE', 1289862972, 0, 0, 5, 1, '测试发货', 0),
(3, 'bbcde', 1290014604, 0, 0, 4, 1, '自备红色已发货了', 0),
(4, '20101118093651518', 1290015411, 0, 0, 3, 1, '积分商品也发货了', 0);

-- --------------------------------------------------------

--
-- 表的结构 `tg_delivery_region`
--

CREATE TABLE IF NOT EXISTS `tg_delivery_region` (
  `id` int(11) NOT NULL AUTO_INCREMENT,
  `pid` int(11) NOT NULL,
  `name` varchar(50) NOT NULL COMMENT '地区名称',
  `region_level` tinyint(4) NOT NULL COMMENT '1:国 2:省 3:市(县) 4:区(镇)',
  PRIMARY KEY (`id`)
) ENGINE=MyISAM  DEFAULT CHARSET=utf8 AUTO_INCREMENT=3401 ;

--
-- 转存表中的数据 `tg_delivery_region`
--

INSERT INTO `tg_delivery_region` (`id`, `pid`, `name`, `region_level`) VALUES
(2, 1, '北京', 2),
(3, 1, '安徽', 2),
(4, 1, '福建', 2),
(5, 1, '甘肃', 2),
(6, 1, '广东', 2),
(7, 1, '广西', 2),
(8, 1, '贵州', 2),
(9, 1, '海南', 2),
(10, 1, '河北', 2),
(11, 1, '河南', 2),
(12, 1, '黑龙江', 2),
(13, 1, '湖北', 2),
(14, 1, '湖南', 2),
(15, 1, '吉林', 2),
(16, 1, '江苏', 2),
(17, 1, '江西', 2),
(18, 1, '辽宁', 2),
(19, 1, '内蒙古', 2),
(20, 1, '宁夏', 2),
(21, 1, '青海', 2),
(22, 1, '山东', 2),
(23, 1, '山西', 2),
(24, 1, '陕西', 2),
(25, 1, '上海', 2),
(26, 1, '四川', 2),
(27, 1, '天津', 2),
(28, 1, '西藏', 2),
(29, 1, '新疆', 2),
(30, 1, '云南', 2),
(31, 1, '浙江', 2),
(32, 1, '重庆', 2),
(33, 1, '香港', 2),
(34, 1, '澳门', 2),
(35, 1, '台湾', 2),
(36, 3, '安庆', 3),
(37, 3, '蚌埠', 3),
(38, 3, '巢湖', 3),
(39, 3, '池州', 3),
(40, 3, '滁州', 3),
(41, 3, '阜阳', 3),
(42, 3, '淮北', 3),
(43, 3, '淮南', 3),
(44, 3, '黄山', 3),
(45, 3, '六安', 3),
(46, 3, '马鞍山', 3),
(47, 3, '宿州', 3),
(48, 3, '铜陵', 3),
(49, 3, '芜湖', 3),
(50, 3, '宣城', 3),
(51, 3, '亳州', 3),
(52, 2, '北京', 3),
(53, 4, '福州', 3),
(54, 4, '龙岩', 3),
(55, 4, '南平', 3),
(56, 4, '宁德', 3),
(57, 4, '莆田', 3),
(58, 4, '泉州', 3),
(59, 4, '三明', 3),
(60, 4, '厦门', 3),
(61, 4, '漳州', 3),
(62, 5, '兰州', 3),
(63, 5, '白银', 3),
(64, 5, '定西', 3),
(65, 5, '甘南', 3),
(66, 5, '嘉峪关', 3),
(67, 5, '金昌', 3),
(68, 5, '酒泉', 3),
(69, 5, '临夏', 3),
(70, 5, '陇南', 3),
(71, 5, '平凉', 3),
(72, 5, '庆阳', 3),
(73, 5, '天水', 3),
(74, 5, '武威', 3),
(75, 5, '张掖', 3),
(76, 6, '广州', 3),
(77, 6, '深圳', 3),
(78, 6, '潮州', 3),
(79, 6, '东莞', 3),
(80, 6, '佛山', 3),
(81, 6, '河源', 3),
(82, 6, '惠州', 3),
(83, 6, '江门', 3),
(84, 6, '揭阳', 3),
(85, 6, '茂名', 3),
(86, 6, '梅州', 3),
(87, 6, '清远', 3),
(88, 6, '汕头', 3),
(89, 6, '汕尾', 3),
(90, 6, '韶关', 3),
(91, 6, '阳江', 3),
(92, 6, '云浮', 3),
(93, 6, '湛江', 3),
(94, 6, '肇庆', 3),
(95, 6, '中山', 3),
(96, 6, '珠海', 3),
(97, 7, '南宁', 3),
(98, 7, '桂林', 3),
(99, 7, '百色', 3),
(100, 7, '北海', 3),
(101, 7, '崇左', 3),
(102, 7, '防城港', 3),
(103, 7, '贵港', 3),
(104, 7, '河池', 3),
(105, 7, '贺州', 3),
(106, 7, '来宾', 3),
(107, 7, '柳州', 3),
(108, 7, '钦州', 3),
(109, 7, '梧州', 3),
(110, 7, '玉林', 3),
(111, 8, '贵阳', 3),
(112, 8, '安顺', 3),
(113, 8, '毕节', 3),
(114, 8, '六盘水', 3),
(115, 8, '黔东南', 3),
(116, 8, '黔南', 3),
(117, 8, '黔西南', 3),
(118, 8, '铜仁', 3),
(119, 8, '遵义', 3),
(120, 9, '海口', 3),
(121, 9, '三亚', 3),
(122, 9, '白沙', 3),
(123, 9, '保亭', 3),
(124, 9, '昌江', 3),
(125, 9, '澄迈县', 3),
(126, 9, '定安县', 3),
(127, 9, '东方', 3),
(128, 9, '乐东', 3),
(129, 9, '临高县', 3),
(130, 9, '陵水', 3),
(131, 9, '琼海', 3),
(132, 9, '琼中', 3),
(133, 9, '屯昌县', 3),
(134, 9, '万宁', 3),
(135, 9, '文昌', 3),
(136, 9, '五指山', 3),
(137, 9, '儋州', 3),
(138, 10, '石家庄', 3),
(139, 10, '保定', 3),
(140, 10, '沧州', 3),
(141, 10, '承德', 3),
(142, 10, '邯郸', 3),
(143, 10, '衡水', 3),
(144, 10, '廊坊', 3),
(145, 10, '秦皇岛', 3),
(146, 10, '唐山', 3),
(147, 10, '邢台', 3),
(148, 10, '张家口', 3),
(149, 11, '郑州', 3),
(150, 11, '洛阳', 3),
(151, 11, '开封', 3),
(152, 11, '安阳', 3),
(153, 11, '鹤壁', 3),
(154, 11, '济源', 3),
(155, 11, '焦作', 3),
(156, 11, '南阳', 3),
(157, 11, '平顶山', 3),
(158, 11, '三门峡', 3),
(159, 11, '商丘', 3),
(160, 11, '新乡', 3),
(161, 11, '信阳', 3),
(162, 11, '许昌', 3),
(163, 11, '周口', 3),
(164, 11, '驻马店', 3),
(165, 11, '漯河', 3),
(166, 11, '濮阳', 3),
(167, 12, '哈尔滨', 3),
(168, 12, '大庆', 3),
(169, 12, '大兴安岭', 3),
(170, 12, '鹤岗', 3),
(171, 12, '黑河', 3),
(172, 12, '鸡西', 3),
(173, 12, '佳木斯', 3),
(174, 12, '牡丹江', 3),
(175, 12, '七台河', 3),
(176, 12, '齐齐哈尔', 3),
(177, 12, '双鸭山', 3),
(178, 12, '绥化', 3),
(179, 12, '伊春', 3),
(180, 13, '武汉', 3),
(181, 13, '仙桃', 3),
(182, 13, '鄂州', 3),
(183, 13, '黄冈', 3),
(184, 13, '黄石', 3),
(185, 13, '荆门', 3),
(186, 13, '荆州', 3),
(187, 13, '潜江', 3),
(188, 13, '神农架林区', 3),
(189, 13, '十堰', 3),
(190, 13, '随州', 3),
(191, 13, '天门', 3),
(192, 13, '咸宁', 3),
(193, 13, '襄樊', 3),
(194, 13, '孝感', 3),
(195, 13, '宜昌', 3),
(196, 13, '恩施', 3),
(197, 14, '长沙', 3),
(198, 14, '张家界', 3),
(199, 14, '常德', 3),
(200, 14, '郴州', 3),
(201, 14, '衡阳', 3),
(202, 14, '怀化', 3),
(203, 14, '娄底', 3),
(204, 14, '邵阳', 3),
(205, 14, '湘潭', 3),
(206, 14, '湘西', 3),
(207, 14, '益阳', 3),
(208, 14, '永州', 3),
(209, 14, '岳阳', 3),
(210, 14, '株洲', 3),
(211, 15, '长春', 3),
(212, 15, '吉林', 3),
(213, 15, '白城', 3),
(214, 15, '白山', 3),
(215, 15, '辽源', 3),
(216, 15, '四平', 3),
(217, 15, '松原', 3),
(218, 15, '通化', 3),
(219, 15, '延边', 3),
(220, 16, '南京', 3),
(221, 16, '苏州', 3),
(222, 16, '无锡', 3),
(223, 16, '常州', 3),
(224, 16, '淮安', 3),
(225, 16, '连云港', 3),
(226, 16, '南通', 3),
(227, 16, '宿迁', 3),
(228, 16, '泰州', 3),
(229, 16, '徐州', 3),
(230, 16, '盐城', 3),
(231, 16, '扬州', 3),
(232, 16, '镇江', 3),
(233, 17, '南昌', 3),
(234, 17, '抚州', 3),
(235, 17, '赣州', 3),
(236, 17, '吉安', 3),
(237, 17, '景德镇', 3),
(238, 17, '九江', 3),
(239, 17, '萍乡', 3),
(240, 17, '上饶', 3),
(241, 17, '新余', 3),
(242, 17, '宜春', 3),
(243, 17, '鹰潭', 3),
(244, 18, '沈阳', 3),
(245, 18, '大连', 3),
(246, 18, '鞍山', 3),
(247, 18, '本溪', 3),
(248, 18, '朝阳', 3),
(249, 18, '丹东', 3),
(250, 18, '抚顺', 3),
(251, 18, '阜新', 3),
(252, 18, '葫芦岛', 3),
(253, 18, '锦州', 3),
(254, 18, '辽阳', 3),
(255, 18, '盘锦', 3),
(256, 18, '铁岭', 3),
(257, 18, '营口', 3),
(258, 19, '呼和浩特', 3),
(259, 19, '阿拉善盟', 3),
(260, 19, '巴彦淖尔盟', 3),
(261, 19, '包头', 3),
(262, 19, '赤峰', 3),
(263, 19, '鄂尔多斯', 3),
(264, 19, '呼伦贝尔', 3),
(265, 19, '通辽', 3),
(266, 19, '乌海', 3),
(267, 19, '乌兰察布市', 3),
(268, 19, '锡林郭勒盟', 3),
(269, 19, '兴安盟', 3),
(270, 20, '银川', 3),
(271, 20, '固原', 3),
(272, 20, '石嘴山', 3),
(273, 20, '吴忠', 3),
(274, 20, '中卫', 3),
(275, 21, '西宁', 3),
(276, 21, '果洛', 3),
(277, 21, '海北', 3),
(278, 21, '海东', 3),
(279, 21, '海南', 3),
(280, 21, '海西', 3),
(281, 21, '黄南', 3),
(282, 21, '玉树', 3),
(283, 22, '济南', 3),
(284, 22, '青岛', 3),
(285, 22, '滨州', 3),
(286, 22, '德州', 3),
(287, 22, '东营', 3),
(288, 22, '菏泽', 3),
(289, 22, '济宁', 3),
(290, 22, '莱芜', 3),
(291, 22, '聊城', 3),
(292, 22, '临沂', 3),
(293, 22, '日照', 3),
(294, 22, '泰安', 3),
(295, 22, '威海', 3),
(296, 22, '潍坊', 3),
(297, 22, '烟台', 3),
(298, 22, '枣庄', 3),
(299, 22, '淄博', 3),
(300, 23, '太原', 3),
(301, 23, '长治', 3),
(302, 23, '大同', 3),
(303, 23, '晋城', 3),
(304, 23, '晋中', 3),
(305, 23, '临汾', 3),
(306, 23, '吕梁', 3),
(307, 23, '朔州', 3),
(308, 23, '忻州', 3),
(309, 23, '阳泉', 3),
(310, 23, '运城', 3),
(311, 24, '西安', 3),
(312, 24, '安康', 3),
(313, 24, '宝鸡', 3),
(314, 24, '汉中', 3),
(315, 24, '商洛', 3),
(316, 24, '铜川', 3),
(317, 24, '渭南', 3),
(318, 24, '咸阳', 3),
(319, 24, '延安', 3),
(320, 24, '榆林', 3),
(321, 25, '上海', 3),
(322, 26, '成都', 3),
(323, 26, '绵阳', 3),
(324, 26, '阿坝', 3),
(325, 26, '巴中', 3),
(326, 26, '达州', 3),
(327, 26, '德阳', 3),
(328, 26, '甘孜', 3),
(329, 26, '广安', 3),
(330, 26, '广元', 3),
(331, 26, '乐山', 3),
(332, 26, '凉山', 3),
(333, 26, '眉山', 3),
(334, 26, '南充', 3),
(335, 26, '内江', 3),
(336, 26, '攀枝花', 3),
(337, 26, '遂宁', 3),
(338, 26, '雅安', 3),
(339, 26, '宜宾', 3),
(340, 26, '资阳', 3),
(341, 26, '自贡', 3),
(342, 26, '泸州', 3),
(343, 27, '天津', 3),
(344, 28, '拉萨', 3),
(345, 28, '阿里', 3),
(346, 28, '昌都', 3),
(347, 28, '林芝', 3),
(348, 28, '那曲', 3),
(349, 28, '日喀则', 3),
(350, 28, '山南', 3),
(351, 29, '乌鲁木齐', 3),
(352, 29, '阿克苏', 3),
(353, 29, '阿拉尔', 3),
(354, 29, '巴音郭楞', 3),
(355, 29, '博尔塔拉', 3),
(356, 29, '昌吉', 3),
(357, 29, '哈密', 3),
(358, 29, '和田', 3),
(359, 29, '喀什', 3),
(360, 29, '克拉玛依', 3),
(361, 29, '克孜勒苏', 3),
(362, 29, '石河子', 3),
(363, 29, '图木舒克', 3),
(364, 29, '吐鲁番', 3),
(365, 29, '五家渠', 3),
(366, 29, '伊犁', 3),
(367, 30, '昆明', 3),
(368, 30, '怒江', 3),
(369, 30, '普洱', 3),
(370, 30, '丽江', 3),
(371, 30, '保山', 3),
(372, 30, '楚雄', 3),
(373, 30, '大理', 3),
(374, 30, '德宏', 3),
(375, 30, '迪庆', 3),
(376, 30, '红河', 3),
(377, 30, '临沧', 3),
(378, 30, '曲靖', 3),
(379, 30, '文山', 3),
(380, 30, '西双版纳', 3),
(381, 30, '玉溪', 3),
(382, 30, '昭通', 3),
(383, 31, '杭州', 3),
(384, 31, '湖州', 3),
(385, 31, '嘉兴', 3),
(386, 31, '金华', 3),
(387, 31, '丽水', 3),
(388, 31, '宁波', 3),
(389, 31, '绍兴', 3),
(390, 31, '台州', 3),
(391, 31, '温州', 3),
(392, 31, '舟山', 3),
(393, 31, '衢州', 3),
(394, 32, '重庆', 3),
(395, 33, '香港', 3),
(396, 34, '澳门', 3),
(397, 35, '台湾', 3),
(398, 36, '迎江区', 4),
(399, 36, '大观区', 4),
(400, 36, '宜秀区', 4),
(401, 36, '桐城市', 4),
(402, 36, '怀宁县', 4),
(403, 36, '枞阳县', 4),
(404, 36, '潜山县', 4),
(405, 36, '太湖县', 4),
(406, 36, '宿松县', 4),
(407, 36, '望江县', 4),
(408, 36, '岳西县', 4),
(409, 37, '中市区', 4),
(410, 37, '东市区', 4),
(411, 37, '西市区', 4),
(412, 37, '郊区', 4),
(413, 37, '怀远县', 4),
(414, 37, '五河县', 4),
(415, 37, '固镇县', 4),
(416, 38, '居巢区', 4),
(417, 38, '庐江县', 4),
(418, 38, '无为县', 4),
(419, 38, '含山县', 4),
(420, 38, '和县', 4),
(421, 39, '贵池区', 4),
(422, 39, '东至县', 4),
(423, 39, '石台县', 4),
(424, 39, '青阳县', 4),
(425, 40, '琅琊区', 4),
(426, 40, '南谯区', 4),
(427, 40, '天长市', 4),
(428, 40, '明光市', 4),
(429, 40, '来安县', 4),
(430, 40, '全椒县', 4),
(431, 40, '定远县', 4),
(432, 40, '凤阳县', 4),
(433, 41, '蚌山区', 4),
(434, 41, '龙子湖区', 4),
(435, 41, '禹会区', 4),
(436, 41, '淮上区', 4),
(437, 41, '颍州区', 4),
(438, 41, '颍东区', 4),
(439, 41, '颍泉区', 4),
(440, 41, '界首市', 4),
(441, 41, '临泉县', 4),
(442, 41, '太和县', 4),
(443, 41, '阜南县', 4),
(444, 41, '颖上县', 4),
(445, 42, '相山区', 4),
(446, 42, '杜集区', 4),
(447, 42, '烈山区', 4),
(448, 42, '濉溪县', 4),
(449, 43, '田家庵区', 4),
(450, 43, '大通区', 4),
(451, 43, '谢家集区', 4),
(452, 43, '八公山区', 4),
(453, 43, '潘集区', 4),
(454, 43, '凤台县', 4),
(455, 44, '屯溪区', 4),
(456, 44, '黄山区', 4),
(457, 44, '徽州区', 4),
(458, 44, '歙县', 4),
(459, 44, '休宁县', 4),
(460, 44, '黟县', 4),
(461, 44, '祁门县', 4),
(462, 45, '金安区', 4),
(463, 45, '裕安区', 4),
(464, 45, '寿县', 4),
(465, 45, '霍邱县', 4),
(466, 45, '舒城县', 4),
(467, 45, '金寨县', 4),
(468, 45, '霍山县', 4),
(469, 46, '雨山区', 4),
(470, 46, '花山区', 4),
(471, 46, '金家庄区', 4),
(472, 46, '当涂县', 4),
(473, 47, '埇桥区', 4),
(474, 47, '砀山县', 4),
(475, 47, '萧县', 4),
(476, 47, '灵璧县', 4),
(477, 47, '泗县', 4),
(478, 48, '铜官山区', 4),
(479, 48, '狮子山区', 4),
(480, 48, '郊区', 4),
(481, 48, '铜陵县', 4),
(482, 49, '镜湖区', 4),
(483, 49, '弋江区', 4),
(484, 49, '鸠江区', 4),
(485, 49, '三山区', 4),
(486, 49, '芜湖县', 4),
(487, 49, '繁昌县', 4),
(488, 49, '南陵县', 4),
(489, 50, '宣州区', 4),
(490, 50, '宁国市', 4),
(491, 50, '郎溪县', 4),
(492, 50, '广德县', 4),
(493, 50, '泾县', 4),
(494, 50, '绩溪县', 4),
(495, 50, '旌德县', 4),
(496, 51, '涡阳县', 4),
(497, 51, '蒙城县', 4),
(498, 51, '利辛县', 4),
(499, 51, '谯城区', 4),
(500, 52, '东城区', 4),
(501, 52, '西城区', 4),
(502, 52, '海淀区', 4),
(503, 52, '朝阳区', 4),
(504, 52, '崇文区', 4),
(505, 52, '宣武区', 4),
(506, 52, '丰台区', 4),
(507, 52, '石景山区', 4),
(508, 52, '房山区', 4),
(509, 52, '门头沟区', 4),
(510, 52, '通州区', 4),
(511, 52, '顺义区', 4),
(512, 52, '昌平区', 4),
(513, 52, '怀柔区', 4),
(514, 52, '平谷区', 4),
(515, 52, '大兴区', 4),
(516, 52, '密云县', 4),
(517, 52, '延庆县', 4),
(518, 53, '鼓楼区', 4),
(519, 53, '台江区', 4),
(520, 53, '仓山区', 4),
(521, 53, '马尾区', 4),
(522, 53, '晋安区', 4),
(523, 53, '福清市', 4),
(524, 53, '长乐市', 4),
(525, 53, '闽侯县', 4),
(526, 53, '连江县', 4),
(527, 53, '罗源县', 4),
(528, 53, '闽清县', 4),
(529, 53, '永泰县', 4),
(530, 53, '平潭县', 4),
(531, 54, '新罗区', 4),
(532, 54, '漳平市', 4),
(533, 54, '长汀县', 4),
(534, 54, '永定县', 4),
(535, 54, '上杭县', 4),
(536, 54, '武平县', 4),
(537, 54, '连城县', 4),
(538, 55, '延平区', 4),
(539, 55, '邵武市', 4),
(540, 55, '武夷山市', 4),
(541, 55, '建瓯市', 4),
(542, 55, '建阳市', 4),
(543, 55, '顺昌县', 4),
(544, 55, '浦城县', 4),
(545, 55, '光泽县', 4),
(546, 55, '松溪县', 4),
(547, 55, '政和县', 4),
(548, 56, '蕉城区', 4),
(549, 56, '福安市', 4),
(550, 56, '福鼎市', 4),
(551, 56, '霞浦县', 4),
(552, 56, '古田县', 4),
(553, 56, '屏南县', 4),
(554, 56, '寿宁县', 4),
(555, 56, '周宁县', 4),
(556, 56, '柘荣县', 4),
(557, 57, '城厢区', 4),
(558, 57, '涵江区', 4),
(559, 57, '荔城区', 4),
(560, 57, '秀屿区', 4),
(561, 57, '仙游县', 4),
(562, 58, '鲤城区', 4),
(563, 58, '丰泽区', 4),
(564, 58, '洛江区', 4),
(565, 58, '清濛开发区', 4),
(566, 58, '泉港区', 4),
(567, 58, '石狮市', 4),
(568, 58, '晋江市', 4),
(569, 58, '南安市', 4),
(570, 58, '惠安县', 4),
(571, 58, '安溪县', 4),
(572, 58, '永春县', 4),
(573, 58, '德化县', 4),
(574, 58, '金门县', 4),
(575, 59, '梅列区', 4),
(576, 59, '三元区', 4),
(577, 59, '永安市', 4),
(578, 59, '明溪县', 4),
(579, 59, '清流县', 4),
(580, 59, '宁化县', 4),
(581, 59, '大田县', 4),
(582, 59, '尤溪县', 4),
(583, 59, '沙县', 4),
(584, 59, '将乐县', 4),
(585, 59, '泰宁县', 4),
(586, 59, '建宁县', 4),
(587, 60, '思明区', 4),
(588, 60, '海沧区', 4),
(589, 60, '湖里区', 4),
(590, 60, '集美区', 4),
(591, 60, '同安区', 4),
(592, 60, '翔安区', 4),
(593, 61, '芗城区', 4),
(594, 61, '龙文区', 4),
(595, 61, '龙海市', 4),
(596, 61, '云霄县', 4),
(597, 61, '漳浦县', 4),
(598, 61, '诏安县', 4),
(599, 61, '长泰县', 4),
(600, 61, '东山县', 4),
(601, 61, '南靖县', 4),
(602, 61, '平和县', 4),
(603, 61, '华安县', 4),
(604, 62, '皋兰县', 4),
(605, 62, '城关区', 4),
(606, 62, '七里河区', 4),
(607, 62, '西固区', 4),
(608, 62, '安宁区', 4),
(609, 62, '红古区', 4),
(610, 62, '永登县', 4),
(611, 62, '榆中县', 4),
(612, 63, '白银区', 4),
(613, 63, '平川区', 4),
(614, 63, '会宁县', 4),
(615, 63, '景泰县', 4),
(616, 63, '靖远县', 4),
(617, 64, '临洮县', 4),
(618, 64, '陇西县', 4),
(619, 64, '通渭县', 4),
(620, 64, '渭源县', 4),
(621, 64, '漳县', 4),
(622, 64, '岷县', 4),
(623, 64, '安定区', 4),
(624, 64, '安定区', 4),
(625, 65, '合作市', 4),
(626, 65, '临潭县', 4),
(627, 65, '卓尼县', 4),
(628, 65, '舟曲县', 4),
(629, 65, '迭部县', 4),
(630, 65, '玛曲县', 4),
(631, 65, '碌曲县', 4),
(632, 65, '夏河县', 4),
(633, 66, '嘉峪关市', 4),
(634, 67, '金川区', 4),
(635, 67, '永昌县', 4),
(636, 68, '肃州区', 4),
(637, 68, '玉门市', 4),
(638, 68, '敦煌市', 4),
(639, 68, '金塔县', 4),
(640, 68, '瓜州县', 4),
(641, 68, '肃北', 4),
(642, 68, '阿克塞', 4),
(643, 69, '临夏市', 4),
(644, 69, '临夏县', 4),
(645, 69, '康乐县', 4),
(646, 69, '永靖县', 4),
(647, 69, '广河县', 4),
(648, 69, '和政县', 4),
(649, 69, '东乡族自治县', 4),
(650, 69, '积石山', 4),
(651, 70, '成县', 4),
(652, 70, '徽县', 4),
(653, 70, '康县', 4),
(654, 70, '礼县', 4),
(655, 70, '两当县', 4),
(656, 70, '文县', 4),
(657, 70, '西和县', 4),
(658, 70, '宕昌县', 4),
(659, 70, '武都区', 4),
(660, 71, '崇信县', 4),
(661, 71, '华亭县', 4),
(662, 71, '静宁县', 4),
(663, 71, '灵台县', 4),
(664, 71, '崆峒区', 4),
(665, 71, '庄浪县', 4),
(666, 71, '泾川县', 4),
(667, 72, '合水县', 4),
(668, 72, '华池县', 4),
(669, 72, '环县', 4),
(670, 72, '宁县', 4),
(671, 72, '庆城县', 4),
(672, 72, '西峰区', 4),
(673, 72, '镇原县', 4),
(674, 72, '正宁县', 4),
(675, 73, '甘谷县', 4),
(676, 73, '秦安县', 4),
(677, 73, '清水县', 4),
(678, 73, '秦州区', 4),
(679, 73, '麦积区', 4),
(680, 73, '武山县', 4),
(681, 73, '张家川', 4),
(682, 74, '古浪县', 4),
(683, 74, '民勤县', 4),
(684, 74, '天祝', 4),
(685, 74, '凉州区', 4),
(686, 75, '高台县', 4),
(687, 75, '临泽县', 4),
(688, 75, '民乐县', 4),
(689, 75, '山丹县', 4),
(690, 75, '肃南', 4),
(691, 75, '甘州区', 4),
(692, 76, '从化市', 4),
(693, 76, '天河区', 4),
(694, 76, '东山区', 4),
(695, 76, '白云区', 4),
(696, 76, '海珠区', 4),
(697, 76, '荔湾区', 4),
(698, 76, '越秀区', 4),
(699, 76, '黄埔区', 4),
(700, 76, '番禺区', 4),
(701, 76, '花都区', 4),
(702, 76, '增城区', 4),
(703, 76, '从化区', 4),
(704, 76, '市郊', 4),
(705, 77, '福田区', 4),
(706, 77, '罗湖区', 4),
(707, 77, '南山区', 4),
(708, 77, '宝安区', 4),
(709, 77, '龙岗区', 4),
(710, 77, '盐田区', 4),
(711, 78, '湘桥区', 4),
(712, 78, '潮安县', 4),
(713, 78, '饶平县', 4),
(714, 79, '南城区', 4),
(715, 79, '东城区', 4),
(716, 79, '万江区', 4),
(717, 79, '莞城区', 4),
(718, 79, '石龙镇', 4),
(719, 79, '虎门镇', 4),
(720, 79, '麻涌镇', 4),
(721, 79, '道滘镇', 4),
(722, 79, '石碣镇', 4),
(723, 79, '沙田镇', 4),
(724, 79, '望牛墩镇', 4),
(725, 79, '洪梅镇', 4),
(726, 79, '茶山镇', 4),
(727, 79, '寮步镇', 4),
(728, 79, '大岭山镇', 4),
(729, 79, '大朗镇', 4),
(730, 79, '黄江镇', 4),
(731, 79, '樟木头', 4),
(732, 79, '凤岗镇', 4),
(733, 79, '塘厦镇', 4),
(734, 79, '谢岗镇', 4),
(735, 79, '厚街镇', 4),
(736, 79, '清溪镇', 4),
(737, 79, '常平镇', 4),
(738, 79, '桥头镇', 4),
(739, 79, '横沥镇', 4),
(740, 79, '东坑镇', 4),
(741, 79, '企石镇', 4),
(742, 79, '石排镇', 4),
(743, 79, '长安镇', 4),
(744, 79, '中堂镇', 4),
(745, 79, '高埗镇', 4),
(746, 80, '禅城区', 4),
(747, 80, '南海区', 4),
(748, 80, '顺德区', 4),
(749, 80, '三水区', 4),
(750, 80, '高明区', 4),
(751, 81, '东源县', 4),
(752, 81, '和平县', 4),
(753, 81, '源城区', 4),
(754, 81, '连平县', 4),
(755, 81, '龙川县', 4),
(756, 81, '紫金县', 4),
(757, 82, '惠阳区', 4),
(758, 82, '惠城区', 4),
(759, 82, '大亚湾', 4),
(760, 82, '博罗县', 4),
(761, 82, '惠东县', 4),
(762, 82, '龙门县', 4),
(763, 83, '江海区', 4),
(764, 83, '蓬江区', 4),
(765, 83, '新会区', 4),
(766, 83, '台山市', 4),
(767, 83, '开平市', 4),
(768, 83, '鹤山市', 4),
(769, 83, '恩平市', 4),
(770, 84, '榕城区', 4),
(771, 84, '普宁市', 4),
(772, 84, '揭东县', 4),
(773, 84, '揭西县', 4),
(774, 84, '惠来县', 4),
(775, 85, '茂南区', 4),
(776, 85, '茂港区', 4),
(777, 85, '高州市', 4),
(778, 85, '化州市', 4),
(779, 85, '信宜市', 4),
(780, 85, '电白县', 4),
(781, 86, '梅县', 4),
(782, 86, '梅江区', 4),
(783, 86, '兴宁市', 4),
(784, 86, '大埔县', 4),
(785, 86, '丰顺县', 4),
(786, 86, '五华县', 4),
(787, 86, '平远县', 4),
(788, 86, '蕉岭县', 4),
(789, 87, '清城区', 4),
(790, 87, '英德市', 4),
(791, 87, '连州市', 4),
(792, 87, '佛冈县', 4),
(793, 87, '阳山县', 4),
(794, 87, '清新县', 4),
(795, 87, '连山', 4),
(796, 87, '连南', 4),
(797, 88, '南澳县', 4),
(798, 88, '潮阳区', 4),
(799, 88, '澄海区', 4),
(800, 88, '龙湖区', 4),
(801, 88, '金平区', 4),
(802, 88, '濠江区', 4),
(803, 88, '潮南区', 4),
(804, 89, '城区', 4),
(805, 89, '陆丰市', 4),
(806, 89, '海丰县', 4),
(807, 89, '陆河县', 4),
(808, 90, '曲江县', 4),
(809, 90, '浈江区', 4),
(810, 90, '武江区', 4),
(811, 90, '曲江区', 4),
(812, 90, '乐昌市', 4),
(813, 90, '南雄市', 4),
(814, 90, '始兴县', 4),
(815, 90, '仁化县', 4),
(816, 90, '翁源县', 4),
(817, 90, '新丰县', 4),
(818, 90, '乳源', 4),
(819, 91, '江城区', 4),
(820, 91, '阳春市', 4),
(821, 91, '阳西县', 4),
(822, 91, '阳东县', 4),
(823, 92, '云城区', 4),
(824, 92, '罗定市', 4),
(825, 92, '新兴县', 4),
(826, 92, '郁南县', 4),
(827, 92, '云安县', 4),
(828, 93, '赤坎区', 4),
(829, 93, '霞山区', 4),
(830, 93, '坡头区', 4),
(831, 93, '麻章区', 4),
(832, 93, '廉江市', 4),
(833, 93, '雷州市', 4),
(834, 93, '吴川市', 4),
(835, 93, '遂溪县', 4),
(836, 93, '徐闻县', 4),
(837, 94, '肇庆市', 4),
(838, 94, '高要市', 4),
(839, 94, '四会市', 4),
(840, 94, '广宁县', 4),
(841, 94, '怀集县', 4),
(842, 94, '封开县', 4),
(843, 94, '德庆县', 4),
(844, 95, '石岐街道', 4),
(845, 95, '东区街道', 4),
(846, 95, '西区街道', 4),
(847, 95, '环城街道', 4),
(848, 95, '中山港街道', 4),
(849, 95, '五桂山街道', 4),
(850, 96, '香洲区', 4),
(851, 96, '斗门区', 4),
(852, 96, '金湾区', 4),
(853, 97, '邕宁区', 4),
(854, 97, '青秀区', 4),
(855, 97, '兴宁区', 4),
(856, 97, '良庆区', 4),
(857, 97, '西乡塘区', 4),
(858, 97, '江南区', 4),
(859, 97, '武鸣县', 4),
(860, 97, '隆安县', 4),
(861, 97, '马山县', 4),
(862, 97, '上林县', 4),
(863, 97, '宾阳县', 4),
(864, 97, '横县', 4),
(865, 98, '秀峰区', 4),
(866, 98, '叠彩区', 4),
(867, 98, '象山区', 4),
(868, 98, '七星区', 4),
(869, 98, '雁山区', 4),
(870, 98, '阳朔县', 4),
(871, 98, '临桂县', 4),
(872, 98, '灵川县', 4),
(873, 98, '全州县', 4),
(874, 98, '平乐县', 4),
(875, 98, '兴安县', 4),
(876, 98, '灌阳县', 4),
(877, 98, '荔浦县', 4),
(878, 98, '资源县', 4),
(879, 98, '永福县', 4),
(880, 98, '龙胜', 4),
(881, 98, '恭城', 4),
(882, 99, '右江区', 4),
(883, 99, '凌云县', 4),
(884, 99, '平果县', 4),
(885, 99, '西林县', 4),
(886, 99, '乐业县', 4),
(887, 99, '德保县', 4),
(888, 99, '田林县', 4),
(889, 99, '田阳县', 4),
(890, 99, '靖西县', 4),
(891, 99, '田东县', 4),
(892, 99, '那坡县', 4),
(893, 99, '隆林', 4),
(894, 100, '海城区', 4),
(895, 100, '银海区', 4),
(896, 100, '铁山港区', 4),
(897, 100, '合浦县', 4),
(898, 101, '江州区', 4),
(899, 101, '凭祥市', 4),
(900, 101, '宁明县', 4),
(901, 101, '扶绥县', 4),
(902, 101, '龙州县', 4),
(903, 101, '大新县', 4),
(904, 101, '天等县', 4),
(905, 102, '港口区', 4),
(906, 102, '防城区', 4),
(907, 102, '东兴市', 4),
(908, 102, '上思县', 4),
(909, 103, '港北区', 4),
(910, 103, '港南区', 4),
(911, 103, '覃塘区', 4),
(912, 103, '桂平市', 4),
(913, 103, '平南县', 4),
(914, 104, '金城江区', 4),
(915, 104, '宜州市', 4),
(916, 104, '天峨县', 4),
(917, 104, '凤山县', 4),
(918, 104, '南丹县', 4),
(919, 104, '东兰县', 4),
(920, 104, '都安', 4),
(921, 104, '罗城', 4),
(922, 104, '巴马', 4),
(923, 104, '环江', 4),
(924, 104, '大化', 4),
(925, 105, '八步区', 4),
(926, 105, '钟山县', 4),
(927, 105, '昭平县', 4),
(928, 105, '富川', 4),
(929, 106, '兴宾区', 4),
(930, 106, '合山市', 4),
(931, 106, '象州县', 4),
(932, 106, '武宣县', 4),
(933, 106, '忻城县', 4),
(934, 106, '金秀', 4),
(935, 107, '城中区', 4),
(936, 107, '鱼峰区', 4),
(937, 107, '柳北区', 4),
(938, 107, '柳南区', 4),
(939, 107, '柳江县', 4),
(940, 107, '柳城县', 4),
(941, 107, '鹿寨县', 4),
(942, 107, '融安县', 4),
(943, 107, '融水', 4),
(944, 107, '三江', 4),
(945, 108, '钦南区', 4),
(946, 108, '钦北区', 4),
(947, 108, '灵山县', 4),
(948, 108, '浦北县', 4),
(949, 109, '万秀区', 4),
(950, 109, '蝶山区', 4),
(951, 109, '长洲区', 4),
(952, 109, '岑溪市', 4),
(953, 109, '苍梧县', 4),
(954, 109, '藤县', 4),
(955, 109, '蒙山县', 4),
(956, 110, '玉州区', 4),
(957, 110, '北流市', 4),
(958, 110, '容县', 4),
(959, 110, '陆川县', 4),
(960, 110, '博白县', 4),
(961, 110, '兴业县', 4),
(962, 111, '南明区', 4),
(963, 111, '云岩区', 4),
(964, 111, '花溪区', 4),
(965, 111, '乌当区', 4),
(966, 111, '白云区', 4),
(967, 111, '小河区', 4),
(968, 111, '金阳新区', 4),
(969, 111, '新天园区', 4),
(970, 111, '清镇市', 4),
(971, 111, '开阳县', 4),
(972, 111, '修文县', 4),
(973, 111, '息烽县', 4),
(974, 112, '西秀区', 4),
(975, 112, '关岭', 4),
(976, 112, '镇宁', 4),
(977, 112, '紫云', 4),
(978, 112, '平坝县', 4),
(979, 112, '普定县', 4),
(980, 113, '毕节市', 4),
(981, 113, '大方县', 4),
(982, 113, '黔西县', 4),
(983, 113, '金沙县', 4),
(984, 113, '织金县', 4),
(985, 113, '纳雍县', 4),
(986, 113, '赫章县', 4),
(987, 113, '威宁', 4),
(988, 114, '钟山区', 4),
(989, 114, '六枝特区', 4),
(990, 114, '水城县', 4),
(991, 114, '盘县', 4),
(992, 115, '凯里市', 4),
(993, 115, '黄平县', 4),
(994, 115, '施秉县', 4),
(995, 115, '三穗县', 4),
(996, 115, '镇远县', 4),
(997, 115, '岑巩县', 4),
(998, 115, '天柱县', 4),
(999, 115, '锦屏县', 4),
(1000, 115, '剑河县', 4),
(1001, 115, '台江县', 4),
(1002, 115, '黎平县', 4),
(1003, 115, '榕江县', 4),
(1004, 115, '从江县', 4),
(1005, 115, '雷山县', 4),
(1006, 115, '麻江县', 4),
(1007, 115, '丹寨县', 4),
(1008, 116, '都匀市', 4),
(1009, 116, '福泉市', 4),
(1010, 116, '荔波县', 4),
(1011, 116, '贵定县', 4),
(1012, 116, '瓮安县', 4),
(1013, 116, '独山县', 4),
(1014, 116, '平塘县', 4),
(1015, 116, '罗甸县', 4),
(1016, 116, '长顺县', 4),
(1017, 116, '龙里县', 4),
(1018, 116, '惠水县', 4),
(1019, 116, '三都', 4),
(1020, 117, '兴义市', 4),
(1021, 117, '兴仁县', 4),
(1022, 117, '普安县', 4),
(1023, 117, '晴隆县', 4),
(1024, 117, '贞丰县', 4),
(1025, 117, '望谟县', 4),
(1026, 117, '册亨县', 4),
(1027, 117, '安龙县', 4),
(1028, 118, '铜仁市', 4),
(1029, 118, '江口县', 4),
(1030, 118, '石阡县', 4),
(1031, 118, '思南县', 4),
(1032, 118, '德江县', 4),
(1033, 118, '玉屏', 4),
(1034, 118, '印江', 4),
(1035, 118, '沿河', 4),
(1036, 118, '松桃', 4),
(1037, 118, '万山特区', 4),
(1038, 119, '红花岗区', 4),
(1039, 119, '务川县', 4),
(1040, 119, '道真县', 4),
(1041, 119, '汇川区', 4),
(1042, 119, '赤水市', 4),
(1043, 119, '仁怀市', 4),
(1044, 119, '遵义县', 4),
(1045, 119, '桐梓县', 4),
(1046, 119, '绥阳县', 4),
(1047, 119, '正安县', 4),
(1048, 119, '凤冈县', 4),
(1049, 119, '湄潭县', 4),
(1050, 119, '余庆县', 4),
(1051, 119, '习水县', 4),
(1052, 119, '道真', 4),
(1053, 119, '务川', 4),
(1054, 120, '秀英区', 4),
(1055, 120, '龙华区', 4),
(1056, 120, '琼山区', 4),
(1057, 120, '美兰区', 4),
(1058, 137, '市区', 4),
(1059, 137, '洋浦开发区', 4),
(1060, 137, '那大镇', 4),
(1061, 137, '王五镇', 4),
(1062, 137, '雅星镇', 4),
(1063, 137, '大成镇', 4),
(1064, 137, '中和镇', 4),
(1065, 137, '峨蔓镇', 4),
(1066, 137, '南丰镇', 4),
(1067, 137, '白马井镇', 4),
(1068, 137, '兰洋镇', 4),
(1069, 137, '和庆镇', 4),
(1070, 137, '海头镇', 4),
(1071, 137, '排浦镇', 4),
(1072, 137, '东成镇', 4),
(1073, 137, '光村镇', 4),
(1074, 137, '木棠镇', 4),
(1075, 137, '新州镇', 4),
(1076, 137, '三都镇', 4),
(1077, 137, '其他', 4),
(1078, 138, '长安区', 4),
(1079, 138, '桥东区', 4),
(1080, 138, '桥西区', 4),
(1081, 138, '新华区', 4),
(1082, 138, '裕华区', 4),
(1083, 138, '井陉矿区', 4),
(1084, 138, '高新区', 4),
(1085, 138, '辛集市', 4),
(1086, 138, '藁城市', 4),
(1087, 138, '晋州市', 4),
(1088, 138, '新乐市', 4),
(1089, 138, '鹿泉市', 4),
(1090, 138, '井陉县', 4),
(1091, 138, '正定县', 4),
(1092, 138, '栾城县', 4),
(1093, 138, '行唐县', 4),
(1094, 138, '灵寿县', 4),
(1095, 138, '高邑县', 4),
(1096, 138, '深泽县', 4),
(1097, 138, '赞皇县', 4),
(1098, 138, '无极县', 4),
(1099, 138, '平山县', 4),
(1100, 138, '元氏县', 4),
(1101, 138, '赵县', 4),
(1102, 139, '新市区', 4),
(1103, 139, '南市区', 4),
(1104, 139, '北市区', 4),
(1105, 139, '涿州市', 4),
(1106, 139, '定州市', 4),
(1107, 139, '安国市', 4),
(1108, 139, '高碑店市', 4),
(1109, 139, '满城县', 4),
(1110, 139, '清苑县', 4),
(1111, 139, '涞水县', 4),
(1112, 139, '阜平县', 4),
(1113, 139, '徐水县', 4),
(1114, 139, '定兴县', 4),
(1115, 139, '唐县', 4),
(1116, 139, '高阳县', 4),
(1117, 139, '容城县', 4),
(1118, 139, '涞源县', 4),
(1119, 139, '望都县', 4),
(1120, 139, '安新县', 4),
(1121, 139, '易县', 4),
(1122, 139, '曲阳县', 4),
(1123, 139, '蠡县', 4),
(1124, 139, '顺平县', 4),
(1125, 139, '博野县', 4),
(1126, 139, '雄县', 4),
(1127, 140, '运河区', 4),
(1128, 140, '新华区', 4),
(1129, 140, '泊头市', 4),
(1130, 140, '任丘市', 4),
(1131, 140, '黄骅市', 4),
(1132, 140, '河间市', 4),
(1133, 140, '沧县', 4),
(1134, 140, '青县', 4),
(1135, 140, '东光县', 4),
(1136, 140, '海兴县', 4),
(1137, 140, '盐山县', 4),
(1138, 140, '肃宁县', 4),
(1139, 140, '南皮县', 4),
(1140, 140, '吴桥县', 4),
(1141, 140, '献县', 4),
(1142, 140, '孟村', 4),
(1143, 141, '双桥区', 4),
(1144, 141, '双滦区', 4),
(1145, 141, '鹰手营子矿区', 4),
(1146, 141, '承德县', 4),
(1147, 141, '兴隆县', 4),
(1148, 141, '平泉县', 4),
(1149, 141, '滦平县', 4),
(1150, 141, '隆化县', 4),
(1151, 141, '丰宁', 4),
(1152, 141, '宽城', 4),
(1153, 141, '围场', 4),
(1154, 142, '从台区', 4),
(1155, 142, '复兴区', 4),
(1156, 142, '邯山区', 4),
(1157, 142, '峰峰矿区', 4),
(1158, 142, '武安市', 4),
(1159, 142, '邯郸县', 4),
(1160, 142, '临漳县', 4),
(1161, 142, '成安县', 4),
(1162, 142, '大名县', 4),
(1163, 142, '涉县', 4),
(1164, 142, '磁县', 4),
(1165, 142, '肥乡县', 4),
(1166, 142, '永年县', 4),
(1167, 142, '邱县', 4),
(1168, 142, '鸡泽县', 4),
(1169, 142, '广平县', 4),
(1170, 142, '馆陶县', 4),
(1171, 142, '魏县', 4),
(1172, 142, '曲周县', 4),
(1173, 143, '桃城区', 4),
(1174, 143, '冀州市', 4),
(1175, 143, '深州市', 4),
(1176, 143, '枣强县', 4),
(1177, 143, '武邑县', 4),
(1178, 143, '武强县', 4),
(1179, 143, '饶阳县', 4),
(1180, 143, '安平县', 4),
(1181, 143, '故城县', 4),
(1182, 143, '景县', 4),
(1183, 143, '阜城县', 4),
(1184, 144, '安次区', 4),
(1185, 144, '广阳区', 4),
(1186, 144, '霸州市', 4),
(1187, 144, '三河市', 4),
(1188, 144, '固安县', 4),
(1189, 144, '永清县', 4),
(1190, 144, '香河县', 4),
(1191, 144, '大城县', 4),
(1192, 144, '文安县', 4),
(1193, 144, '大厂', 4),
(1194, 145, '海港区', 4),
(1195, 145, '山海关区', 4),
(1196, 145, '北戴河区', 4),
(1197, 145, '昌黎县', 4),
(1198, 145, '抚宁县', 4),
(1199, 145, '卢龙县', 4),
(1200, 145, '青龙', 4),
(1201, 146, '路北区', 4),
(1202, 146, '路南区', 4),
(1203, 146, '古冶区', 4),
(1204, 146, '开平区', 4),
(1205, 146, '丰南区', 4),
(1206, 146, '丰润区', 4),
(1207, 146, '遵化市', 4),
(1208, 146, '迁安市', 4),
(1209, 146, '滦县', 4),
(1210, 146, '滦南县', 4),
(1211, 146, '乐亭县', 4),
(1212, 146, '迁西县', 4),
(1213, 146, '玉田县', 4),
(1214, 146, '唐海县', 4),
(1215, 147, '桥东区', 4),
(1216, 147, '桥西区', 4),
(1217, 147, '南宫市', 4),
(1218, 147, '沙河市', 4),
(1219, 147, '邢台县', 4),
(1220, 147, '临城县', 4),
(1221, 147, '内丘县', 4),
(1222, 147, '柏乡县', 4),
(1223, 147, '隆尧县', 4),
(1224, 147, '任县', 4),
(1225, 147, '南和县', 4),
(1226, 147, '宁晋县', 4),
(1227, 147, '巨鹿县', 4),
(1228, 147, '新河县', 4),
(1229, 147, '广宗县', 4),
(1230, 147, '平乡县', 4),
(1231, 147, '威县', 4),
(1232, 147, '清河县', 4),
(1233, 147, '临西县', 4),
(1234, 148, '桥西区', 4),
(1235, 148, '桥东区', 4),
(1236, 148, '宣化区', 4),
(1237, 148, '下花园区', 4),
(1238, 148, '宣化县', 4),
(1239, 148, '张北县', 4),
(1240, 148, '康保县', 4),
(1241, 148, '沽源县', 4),
(1242, 148, '尚义县', 4),
(1243, 148, '蔚县', 4),
(1244, 148, '阳原县', 4),
(1245, 148, '怀安县', 4),
(1246, 148, '万全县', 4),
(1247, 148, '怀来县', 4),
(1248, 148, '涿鹿县', 4),
(1249, 148, '赤城县', 4),
(1250, 148, '崇礼县', 4),
(1251, 149, '金水区', 4),
(1252, 149, '邙山区', 4),
(1253, 149, '二七区', 4),
(1254, 149, '管城区', 4),
(1255, 149, '中原区', 4),
(1256, 149, '上街区', 4),
(1257, 149, '惠济区', 4),
(1258, 149, '郑东新区', 4),
(1259, 149, '经济技术开发区', 4),
(1260, 149, '高新开发区', 4),
(1261, 149, '出口加工区', 4),
(1262, 149, '巩义市', 4),
(1263, 149, '荥阳市', 4),
(1264, 149, '新密市', 4),
(1265, 149, '新郑市', 4),
(1266, 149, '登封市', 4),
(1267, 149, '中牟县', 4),
(1268, 150, '西工区', 4),
(1269, 150, '老城区', 4),
(1270, 150, '涧西区', 4),
(1271, 150, '瀍河回族区', 4),
(1272, 150, '洛龙区', 4),
(1273, 150, '吉利区', 4),
(1274, 150, '偃师市', 4),
(1275, 150, '孟津县', 4),
(1276, 150, '新安县', 4),
(1277, 150, '栾川县', 4),
(1278, 150, '嵩县', 4),
(1279, 150, '汝阳县', 4),
(1280, 150, '宜阳县', 4),
(1281, 150, '洛宁县', 4),
(1282, 150, '伊川县', 4),
(1283, 151, '鼓楼区', 4),
(1284, 151, '龙亭区', 4),
(1285, 151, '顺河回族区', 4),
(1286, 151, '金明区', 4),
(1287, 151, '禹王台区', 4),
(1288, 151, '杞县', 4),
(1289, 151, '通许县', 4),
(1290, 151, '尉氏县', 4),
(1291, 151, '开封县', 4),
(1292, 151, '兰考县', 4),
(1293, 152, '北关区', 4),
(1294, 152, '文峰区', 4),
(1295, 152, '殷都区', 4),
(1296, 152, '龙安区', 4),
(1297, 152, '林州市', 4),
(1298, 152, '安阳县', 4),
(1299, 152, '汤阴县', 4),
(1300, 152, '滑县', 4),
(1301, 152, '内黄县', 4),
(1302, 153, '淇滨区', 4),
(1303, 153, '山城区', 4),
(1304, 153, '鹤山区', 4),
(1305, 153, '浚县', 4),
(1306, 153, '淇县', 4),
(1307, 154, '济源市', 4),
(1308, 155, '解放区', 4),
(1309, 155, '中站区', 4),
(1310, 155, '马村区', 4),
(1311, 155, '山阳区', 4),
(1312, 155, '沁阳市', 4),
(1313, 155, '孟州市', 4),
(1314, 155, '修武县', 4),
(1315, 155, '博爱县', 4),
(1316, 155, '武陟县', 4),
(1317, 155, '温县', 4),
(1318, 156, '卧龙区', 4),
(1319, 156, '宛城区', 4),
(1320, 156, '邓州市', 4),
(1321, 156, '南召县', 4),
(1322, 156, '方城县', 4),
(1323, 156, '西峡县', 4),
(1324, 156, '镇平县', 4),
(1325, 156, '内乡县', 4),
(1326, 156, '淅川县', 4),
(1327, 156, '社旗县', 4),
(1328, 156, '唐河县', 4),
(1329, 156, '新野县', 4),
(1330, 156, '桐柏县', 4),
(1331, 157, '新华区', 4),
(1332, 157, '卫东区', 4),
(1333, 157, '湛河区', 4),
(1334, 157, '石龙区', 4),
(1335, 157, '舞钢市', 4),
(1336, 157, '汝州市', 4),
(1337, 157, '宝丰县', 4),
(1338, 157, '叶县', 4),
(1339, 157, '鲁山县', 4),
(1340, 157, '郏县', 4),
(1341, 158, '湖滨区', 4),
(1342, 158, '义马市', 4),
(1343, 158, '灵宝市', 4),
(1344, 158, '渑池县', 4),
(1345, 158, '陕县', 4),
(1346, 158, '卢氏县', 4),
(1347, 159, '梁园区', 4),
(1348, 159, '睢阳区', 4),
(1349, 159, '永城市', 4),
(1350, 159, '民权县', 4),
(1351, 159, '睢县', 4),
(1352, 159, '宁陵县', 4),
(1353, 159, '虞城县', 4),
(1354, 159, '柘城县', 4),
(1355, 159, '夏邑县', 4),
(1356, 160, '卫滨区', 4),
(1357, 160, '红旗区', 4),
(1358, 160, '凤泉区', 4),
(1359, 160, '牧野区', 4),
(1360, 160, '卫辉市', 4),
(1361, 160, '辉县市', 4),
(1362, 160, '新乡县', 4),
(1363, 160, '获嘉县', 4),
(1364, 160, '原阳县', 4),
(1365, 160, '延津县', 4),
(1366, 160, '封丘县', 4),
(1367, 160, '长垣县', 4),
(1368, 161, '浉河区', 4),
(1369, 161, '平桥区', 4),
(1370, 161, '罗山县', 4),
(1371, 161, '光山县', 4),
(1372, 161, '新县', 4),
(1373, 161, '商城县', 4),
(1374, 161, '固始县', 4),
(1375, 161, '潢川县', 4),
(1376, 161, '淮滨县', 4),
(1377, 161, '息县', 4),
(1378, 162, '魏都区', 4),
(1379, 162, '禹州市', 4),
(1380, 162, '长葛市', 4),
(1381, 162, '许昌县', 4),
(1382, 162, '鄢陵县', 4),
(1383, 162, '襄城县', 4),
(1384, 163, '川汇区', 4),
(1385, 163, '项城市', 4),
(1386, 163, '扶沟县', 4),
(1387, 163, '西华县', 4),
(1388, 163, '商水县', 4),
(1389, 163, '沈丘县', 4),
(1390, 163, '郸城县', 4),
(1391, 163, '淮阳县', 4),
(1392, 163, '太康县', 4),
(1393, 163, '鹿邑县', 4),
(1394, 164, '驿城区', 4),
(1395, 164, '西平县', 4),
(1396, 164, '上蔡县', 4),
(1397, 164, '平舆县', 4),
(1398, 164, '正阳县', 4),
(1399, 164, '确山县', 4),
(1400, 164, '泌阳县', 4),
(1401, 164, '汝南县', 4),
(1402, 164, '遂平县', 4),
(1403, 164, '新蔡县', 4),
(1404, 165, '郾城区', 4),
(1405, 165, '源汇区', 4),
(1406, 165, '召陵区', 4),
(1407, 165, '舞阳县', 4),
(1408, 165, '临颍县', 4),
(1409, 166, '华龙区', 4),
(1410, 166, '清丰县', 4),
(1411, 166, '南乐县', 4),
(1412, 166, '范县', 4),
(1413, 166, '台前县', 4),
(1414, 166, '濮阳县', 4),
(1415, 167, '道里区', 4),
(1416, 167, '南岗区', 4),
(1417, 167, '动力区', 4),
(1418, 167, '平房区', 4),
(1419, 167, '香坊区', 4),
(1420, 167, '太平区', 4),
(1421, 167, '道外区', 4),
(1422, 167, '阿城区', 4),
(1423, 167, '呼兰区', 4),
(1424, 167, '松北区', 4),
(1425, 167, '尚志市', 4),
(1426, 167, '双城市', 4),
(1427, 167, '五常市', 4),
(1428, 167, '方正县', 4),
(1429, 167, '宾县', 4),
(1430, 167, '依兰县', 4),
(1431, 167, '巴彦县', 4),
(1432, 167, '通河县', 4),
(1433, 167, '木兰县', 4),
(1434, 167, '延寿县', 4),
(1435, 168, '萨尔图区', 4),
(1436, 168, '红岗区', 4),
(1437, 168, '龙凤区', 4),
(1438, 168, '让胡路区', 4),
(1439, 168, '大同区', 4),
(1440, 168, '肇州县', 4),
(1441, 168, '肇源县', 4),
(1442, 168, '林甸县', 4),
(1443, 168, '杜尔伯特', 4),
(1444, 169, '呼玛县', 4),
(1445, 169, '漠河县', 4),
(1446, 169, '塔河县', 4),
(1447, 170, '兴山区', 4),
(1448, 170, '工农区', 4),
(1449, 170, '南山区', 4),
(1450, 170, '兴安区', 4),
(1451, 170, '向阳区', 4),
(1452, 170, '东山区', 4),
(1453, 170, '萝北县', 4),
(1454, 170, '绥滨县', 4),
(1455, 171, '爱辉区', 4),
(1456, 171, '五大连池市', 4),
(1457, 171, '北安市', 4),
(1458, 171, '嫩江县', 4),
(1459, 171, '逊克县', 4),
(1460, 171, '孙吴县', 4),
(1461, 172, '鸡冠区', 4),
(1462, 172, '恒山区', 4),
(1463, 172, '城子河区', 4),
(1464, 172, '滴道区', 4),
(1465, 172, '梨树区', 4),
(1466, 172, '虎林市', 4),
(1467, 172, '密山市', 4),
(1468, 172, '鸡东县', 4),
(1469, 173, '前进区', 4),
(1470, 173, '郊区', 4),
(1471, 173, '向阳区', 4),
(1472, 173, '东风区', 4),
(1473, 173, '同江市', 4),
(1474, 173, '富锦市', 4),
(1475, 173, '桦南县', 4),
(1476, 173, '桦川县', 4),
(1477, 173, '汤原县', 4),
(1478, 173, '抚远县', 4),
(1479, 174, '爱民区', 4),
(1480, 174, '东安区', 4),
(1481, 174, '阳明区', 4),
(1482, 174, '西安区', 4),
(1483, 174, '绥芬河市', 4),
(1484, 174, '海林市', 4),
(1485, 174, '宁安市', 4),
(1486, 174, '穆棱市', 4),
(1487, 174, '东宁县', 4),
(1488, 174, '林口县', 4),
(1489, 175, '桃山区', 4),
(1490, 175, '新兴区', 4),
(1491, 175, '茄子河区', 4),
(1492, 175, '勃利县', 4),
(1493, 176, '龙沙区', 4),
(1494, 176, '昂昂溪区', 4),
(1495, 176, '铁峰区', 4),
(1496, 176, '建华区', 4),
(1497, 176, '富拉尔基区', 4),
(1498, 176, '碾子山区', 4),
(1499, 176, '梅里斯达斡尔区', 4),
(1500, 176, '讷河市', 4),
(1501, 176, '龙江县', 4),
(1502, 176, '依安县', 4),
(1503, 176, '泰来县', 4),
(1504, 176, '甘南县', 4),
(1505, 176, '富裕县', 4),
(1506, 176, '克山县', 4),
(1507, 176, '克东县', 4),
(1508, 176, '拜泉县', 4),
(1509, 177, '尖山区', 4),
(1510, 177, '岭东区', 4),
(1511, 177, '四方台区', 4),
(1512, 177, '宝山区', 4),
(1513, 177, '集贤县', 4),
(1514, 177, '友谊县', 4),
(1515, 177, '宝清县', 4),
(1516, 177, '饶河县', 4),
(1517, 178, '北林区', 4),
(1518, 178, '安达市', 4),
(1519, 178, '肇东市', 4),
(1520, 178, '海伦市', 4),
(1521, 178, '望奎县', 4),
(1522, 178, '兰西县', 4),
(1523, 178, '青冈县', 4),
(1524, 178, '庆安县', 4),
(1525, 178, '明水县', 4),
(1526, 178, '绥棱县', 4),
(1527, 179, '伊春区', 4),
(1528, 179, '带岭区', 4),
(1529, 179, '南岔区', 4),
(1530, 179, '金山屯区', 4),
(1531, 179, '西林区', 4),
(1532, 179, '美溪区', 4),
(1533, 179, '乌马河区', 4),
(1534, 179, '翠峦区', 4),
(1535, 179, '友好区', 4),
(1536, 179, '上甘岭区', 4),
(1537, 179, '五营区', 4),
(1538, 179, '红星区', 4),
(1539, 179, '新青区', 4),
(1540, 179, '汤旺河区', 4),
(1541, 179, '乌伊岭区', 4),
(1542, 179, '铁力市', 4),
(1543, 179, '嘉荫县', 4),
(1544, 180, '江岸区', 4),
(1545, 180, '武昌区', 4),
(1546, 180, '江汉区', 4),
(1547, 180, '硚口区', 4),
(1548, 180, '汉阳区', 4),
(1549, 180, '青山区', 4),
(1550, 180, '洪山区', 4),
(1551, 180, '东西湖区', 4),
(1552, 180, '汉南区', 4),
(1553, 180, '蔡甸区', 4),
(1554, 180, '江夏区', 4),
(1555, 180, '黄陂区', 4),
(1556, 180, '新洲区', 4),
(1557, 180, '经济开发区', 4),
(1558, 181, '仙桃市', 4),
(1559, 182, '鄂城区', 4),
(1560, 182, '华容区', 4),
(1561, 182, '梁子湖区', 4),
(1562, 183, '黄州区', 4),
(1563, 183, '麻城市', 4),
(1564, 183, '武穴市', 4),
(1565, 183, '团风县', 4),
(1566, 183, '红安县', 4),
(1567, 183, '罗田县', 4),
(1568, 183, '英山县', 4),
(1569, 183, '浠水县', 4),
(1570, 183, '蕲春县', 4),
(1571, 183, '黄梅县', 4),
(1572, 184, '黄石港区', 4),
(1573, 184, '西塞山区', 4),
(1574, 184, '下陆区', 4),
(1575, 184, '铁山区', 4),
(1576, 184, '大冶市', 4),
(1577, 184, '阳新县', 4),
(1578, 185, '东宝区', 4),
(1579, 185, '掇刀区', 4),
(1580, 185, '钟祥市', 4),
(1581, 185, '京山县', 4),
(1582, 185, '沙洋县', 4),
(1583, 186, '沙市区', 4),
(1584, 186, '荆州区', 4),
(1585, 186, '石首市', 4),
(1586, 186, '洪湖市', 4),
(1587, 186, '松滋市', 4),
(1588, 186, '公安县', 4),
(1589, 186, '监利县', 4),
(1590, 186, '江陵县', 4),
(1591, 187, '潜江市', 4),
(1592, 188, '神农架林区', 4),
(1593, 189, '张湾区', 4),
(1594, 189, '茅箭区', 4),
(1595, 189, '丹江口市', 4),
(1596, 189, '郧县', 4),
(1597, 189, '郧西县', 4),
(1598, 189, '竹山县', 4),
(1599, 189, '竹溪县', 4),
(1600, 189, '房县', 4),
(1601, 190, '曾都区', 4),
(1602, 190, '广水市', 4),
(1603, 191, '天门市', 4),
(1604, 192, '咸安区', 4),
(1605, 192, '赤壁市', 4),
(1606, 192, '嘉鱼县', 4),
(1607, 192, '通城县', 4),
(1608, 192, '崇阳县', 4),
(1609, 192, '通山县', 4),
(1610, 193, '襄城区', 4),
(1611, 193, '樊城区', 4),
(1612, 193, '襄阳区', 4),
(1613, 193, '老河口市', 4),
(1614, 193, '枣阳市', 4),
(1615, 193, '宜城市', 4),
(1616, 193, '南漳县', 4),
(1617, 193, '谷城县', 4),
(1618, 193, '保康县', 4),
(1619, 194, '孝南区', 4),
(1620, 194, '应城市', 4),
(1621, 194, '安陆市', 4),
(1622, 194, '汉川市', 4),
(1623, 194, '孝昌县', 4),
(1624, 194, '大悟县', 4),
(1625, 194, '云梦县', 4),
(1626, 195, '长阳', 4),
(1627, 195, '五峰', 4),
(1628, 195, '西陵区', 4),
(1629, 195, '伍家岗区', 4),
(1630, 195, '点军区', 4),
(1631, 195, '猇亭区', 4),
(1632, 195, '夷陵区', 4),
(1633, 195, '宜都市', 4),
(1634, 195, '当阳市', 4),
(1635, 195, '枝江市', 4),
(1636, 195, '远安县', 4),
(1637, 195, '兴山县', 4),
(1638, 195, '秭归县', 4),
(1639, 196, '恩施市', 4),
(1640, 196, '利川市', 4),
(1641, 196, '建始县', 4),
(1642, 196, '巴东县', 4),
(1643, 196, '宣恩县', 4),
(1644, 196, '咸丰县', 4),
(1645, 196, '来凤县', 4),
(1646, 196, '鹤峰县', 4),
(1647, 197, '岳麓区', 4),
(1648, 197, '芙蓉区', 4),
(1649, 197, '天心区', 4),
(1650, 197, '开福区', 4),
(1651, 197, '雨花区', 4),
(1652, 197, '开发区', 4),
(1653, 197, '浏阳市', 4),
(1654, 197, '长沙县', 4),
(1655, 197, '望城县', 4),
(1656, 197, '宁乡县', 4),
(1657, 198, '永定区', 4),
(1658, 198, '武陵源区', 4),
(1659, 198, '慈利县', 4),
(1660, 198, '桑植县', 4),
(1661, 199, '武陵区', 4),
(1662, 199, '鼎城区', 4),
(1663, 199, '津市市', 4),
(1664, 199, '安乡县', 4),
(1665, 199, '汉寿县', 4),
(1666, 199, '澧县', 4),
(1667, 199, '临澧县', 4),
(1668, 199, '桃源县', 4),
(1669, 199, '石门县', 4),
(1670, 200, '北湖区', 4),
(1671, 200, '苏仙区', 4),
(1672, 200, '资兴市', 4),
(1673, 200, '桂阳县', 4),
(1674, 200, '宜章县', 4),
(1675, 200, '永兴县', 4),
(1676, 200, '嘉禾县', 4),
(1677, 200, '临武县', 4),
(1678, 200, '汝城县', 4),
(1679, 200, '桂东县', 4),
(1680, 200, '安仁县', 4),
(1681, 201, '雁峰区', 4),
(1682, 201, '珠晖区', 4),
(1683, 201, '石鼓区', 4),
(1684, 201, '蒸湘区', 4),
(1685, 201, '南岳区', 4),
(1686, 201, '耒阳市', 4),
(1687, 201, '常宁市', 4),
(1688, 201, '衡阳县', 4),
(1689, 201, '衡南县', 4),
(1690, 201, '衡山县', 4),
(1691, 201, '衡东县', 4),
(1692, 201, '祁东县', 4),
(1693, 202, '鹤城区', 4),
(1694, 202, '靖州', 4),
(1695, 202, '麻阳', 4),
(1696, 202, '通道', 4),
(1697, 202, '新晃', 4),
(1698, 202, '芷江', 4),
(1699, 202, '沅陵县', 4),
(1700, 202, '辰溪县', 4),
(1701, 202, '溆浦县', 4),
(1702, 202, '中方县', 4),
(1703, 202, '会同县', 4),
(1704, 202, '洪江市', 4),
(1705, 203, '娄星区', 4),
(1706, 203, '冷水江市', 4),
(1707, 203, '涟源市', 4),
(1708, 203, '双峰县', 4),
(1709, 203, '新化县', 4),
(1710, 204, '城步', 4),
(1711, 204, '双清区', 4),
(1712, 204, '大祥区', 4),
(1713, 204, '北塔区', 4),
(1714, 204, '武冈市', 4),
(1715, 204, '邵东县', 4),
(1716, 204, '新邵县', 4),
(1717, 204, '邵阳县', 4),
(1718, 204, '隆回县', 4),
(1719, 204, '洞口县', 4),
(1720, 204, '绥宁县', 4),
(1721, 204, '新宁县', 4),
(1722, 205, '岳塘区', 4),
(1723, 205, '雨湖区', 4),
(1724, 205, '湘乡市', 4),
(1725, 205, '韶山市', 4),
(1726, 205, '湘潭县', 4),
(1727, 206, '吉首市', 4),
(1728, 206, '泸溪县', 4),
(1729, 206, '凤凰县', 4),
(1730, 206, '花垣县', 4),
(1731, 206, '保靖县', 4),
(1732, 206, '古丈县', 4),
(1733, 206, '永顺县', 4),
(1734, 206, '龙山县', 4),
(1735, 207, '赫山区', 4),
(1736, 207, '资阳区', 4),
(1737, 207, '沅江市', 4),
(1738, 207, '南县', 4),
(1739, 207, '桃江县', 4),
(1740, 207, '安化县', 4),
(1741, 208, '江华', 4),
(1742, 208, '冷水滩区', 4),
(1743, 208, '零陵区', 4),
(1744, 208, '祁阳县', 4),
(1745, 208, '东安县', 4),
(1746, 208, '双牌县', 4),
(1747, 208, '道县', 4),
(1748, 208, '江永县', 4),
(1749, 208, '宁远县', 4),
(1750, 208, '蓝山县', 4),
(1751, 208, '新田县', 4),
(1752, 209, '岳阳楼区', 4),
(1753, 209, '君山区', 4),
(1754, 209, '云溪区', 4),
(1755, 209, '汨罗市', 4),
(1756, 209, '临湘市', 4),
(1757, 209, '岳阳县', 4),
(1758, 209, '华容县', 4),
(1759, 209, '湘阴县', 4),
(1760, 209, '平江县', 4),
(1761, 210, '天元区', 4),
(1762, 210, '荷塘区', 4),
(1763, 210, '芦淞区', 4),
(1764, 210, '石峰区', 4),
(1765, 210, '醴陵市', 4),
(1766, 210, '株洲县', 4),
(1767, 210, '攸县', 4),
(1768, 210, '茶陵县', 4),
(1769, 210, '炎陵县', 4),
(1770, 211, '朝阳区', 4),
(1771, 211, '宽城区', 4),
(1772, 211, '二道区', 4),
(1773, 211, '南关区', 4),
(1774, 211, '绿园区', 4),
(1775, 211, '双阳区', 4),
(1776, 211, '净月潭开发区', 4),
(1777, 211, '高新技术开发区', 4),
(1778, 211, '经济技术开发区', 4),
(1779, 211, '汽车产业开发区', 4),
(1780, 211, '德惠市', 4),
(1781, 211, '九台市', 4),
(1782, 211, '榆树市', 4),
(1783, 211, '农安县', 4),
(1784, 212, '船营区', 4),
(1785, 212, '昌邑区', 4),
(1786, 212, '龙潭区', 4),
(1787, 212, '丰满区', 4),
(1788, 212, '蛟河市', 4),
(1789, 212, '桦甸市', 4),
(1790, 212, '舒兰市', 4),
(1791, 212, '磐石市', 4),
(1792, 212, '永吉县', 4),
(1793, 213, '洮北区', 4),
(1794, 213, '洮南市', 4),
(1795, 213, '大安市', 4),
(1796, 213, '镇赉县', 4),
(1797, 213, '通榆县', 4),
(1798, 214, '江源区', 4),
(1799, 214, '八道江区', 4),
(1800, 214, '长白', 4),
(1801, 214, '临江市', 4),
(1802, 214, '抚松县', 4),
(1803, 214, '靖宇县', 4),
(1804, 215, '龙山区', 4),
(1805, 215, '西安区', 4),
(1806, 215, '东丰县', 4),
(1807, 215, '东辽县', 4),
(1808, 216, '铁西区', 4),
(1809, 216, '铁东区', 4),
(1810, 216, '伊通', 4),
(1811, 216, '公主岭市', 4),
(1812, 216, '双辽市', 4),
(1813, 216, '梨树县', 4),
(1814, 217, '前郭尔罗斯', 4),
(1815, 217, '宁江区', 4),
(1816, 217, '长岭县', 4),
(1817, 217, '乾安县', 4),
(1818, 217, '扶余县', 4),
(1819, 218, '东昌区', 4),
(1820, 218, '二道江区', 4),
(1821, 218, '梅河口市', 4),
(1822, 218, '集安市', 4),
(1823, 218, '通化县', 4),
(1824, 218, '辉南县', 4),
(1825, 218, '柳河县', 4),
(1826, 219, '延吉市', 4),
(1827, 219, '图们市', 4),
(1828, 219, '敦化市', 4),
(1829, 219, '珲春市', 4),
(1830, 219, '龙井市', 4),
(1831, 219, '和龙市', 4),
(1832, 219, '安图县', 4),
(1833, 219, '汪清县', 4),
(1834, 220, '玄武区', 4),
(1835, 220, '鼓楼区', 4),
(1836, 220, '白下区', 4),
(1837, 220, '建邺区', 4),
(1838, 220, '秦淮区', 4),
(1839, 220, '雨花台区', 4),
(1840, 220, '下关区', 4),
(1841, 220, '栖霞区', 4),
(1842, 220, '浦口区', 4),
(1843, 220, '江宁区', 4),
(1844, 220, '六合区', 4),
(1845, 220, '溧水县', 4),
(1846, 220, '高淳县', 4),
(1847, 221, '沧浪区', 4),
(1848, 221, '金阊区', 4),
(1849, 221, '平江区', 4),
(1850, 221, '虎丘区', 4),
(1851, 221, '吴中区', 4),
(1852, 221, '相城区', 4),
(1853, 221, '园区', 4),
(1854, 221, '新区', 4),
(1855, 221, '常熟市', 4),
(1856, 221, '张家港市', 4),
(1857, 221, '玉山镇', 4),
(1858, 221, '巴城镇', 4),
(1859, 221, '周市镇', 4),
(1860, 221, '陆家镇', 4),
(1861, 221, '花桥镇', 4),
(1862, 221, '淀山湖镇', 4),
(1863, 221, '张浦镇', 4),
(1864, 221, '周庄镇', 4),
(1865, 221, '千灯镇', 4),
(1866, 221, '锦溪镇', 4),
(1867, 221, '开发区', 4),
(1868, 221, '吴江市', 4),
(1869, 221, '太仓市', 4),
(1870, 222, '崇安区', 4),
(1871, 222, '北塘区', 4),
(1872, 222, '南长区', 4),
(1873, 222, '锡山区', 4),
(1874, 222, '惠山区', 4),
(1875, 222, '滨湖区', 4),
(1876, 222, '新区', 4),
(1877, 222, '江阴市', 4),
(1878, 222, '宜兴市', 4),
(1879, 223, '天宁区', 4),
(1880, 223, '钟楼区', 4),
(1881, 223, '戚墅堰区', 4),
(1882, 223, '郊区', 4),
(1883, 223, '新北区', 4),
(1884, 223, '武进区', 4),
(1885, 223, '溧阳市', 4),
(1886, 223, '金坛市', 4),
(1887, 224, '清河区', 4),
(1888, 224, '清浦区', 4),
(1889, 224, '楚州区', 4),
(1890, 224, '淮阴区', 4),
(1891, 224, '涟水县', 4),
(1892, 224, '洪泽县', 4),
(1893, 224, '盱眙县', 4),
(1894, 224, '金湖县', 4),
(1895, 225, '新浦区', 4),
(1896, 225, '连云区', 4),
(1897, 225, '海州区', 4),
(1898, 225, '赣榆县', 4),
(1899, 225, '东海县', 4),
(1900, 225, '灌云县', 4),
(1901, 225, '灌南县', 4),
(1902, 226, '崇川区', 4),
(1903, 226, '港闸区', 4),
(1904, 226, '经济开发区', 4),
(1905, 226, '启东市', 4),
(1906, 226, '如皋市', 4),
(1907, 226, '通州市', 4),
(1908, 226, '海门市', 4),
(1909, 226, '海安县', 4),
(1910, 226, '如东县', 4),
(1911, 227, '宿城区', 4),
(1912, 227, '宿豫区', 4),
(1913, 227, '宿豫县', 4),
(1914, 227, '沭阳县', 4),
(1915, 227, '泗阳县', 4),
(1916, 227, '泗洪县', 4),
(1917, 228, '海陵区', 4),
(1918, 228, '高港区', 4),
(1919, 228, '兴化市', 4),
(1920, 228, '靖江市', 4),
(1921, 228, '泰兴市', 4),
(1922, 228, '姜堰市', 4),
(1923, 229, '云龙区', 4),
(1924, 229, '鼓楼区', 4),
(1925, 229, '九里区', 4),
(1926, 229, '贾汪区', 4),
(1927, 229, '泉山区', 4),
(1928, 229, '新沂市', 4),
(1929, 229, '邳州市', 4),
(1930, 229, '丰县', 4),
(1931, 229, '沛县', 4),
(1932, 229, '铜山县', 4),
(1933, 229, '睢宁县', 4),
(1934, 230, '城区', 4),
(1935, 230, '亭湖区', 4),
(1936, 230, '盐都区', 4),
(1937, 230, '盐都县', 4),
(1938, 230, '东台市', 4),
(1939, 230, '大丰市', 4),
(1940, 230, '响水县', 4),
(1941, 230, '滨海县', 4),
(1942, 230, '阜宁县', 4),
(1943, 230, '射阳县', 4),
(1944, 230, '建湖县', 4),
(1945, 231, '广陵区', 4),
(1946, 231, '维扬区', 4),
(1947, 231, '邗江区', 4),
(1948, 231, '仪征市', 4),
(1949, 231, '高邮市', 4),
(1950, 231, '江都市', 4),
(1951, 231, '宝应县', 4),
(1952, 232, '京口区', 4),
(1953, 232, '润州区', 4),
(1954, 232, '丹徒区', 4),
(1955, 232, '丹阳市', 4),
(1956, 232, '扬中市', 4),
(1957, 232, '句容市', 4),
(1958, 233, '东湖区', 4),
(1959, 233, '西湖区', 4),
(1960, 233, '青云谱区', 4),
(1961, 233, '湾里区', 4),
(1962, 233, '青山湖区', 4),
(1963, 233, '红谷滩新区', 4);
INSERT INTO `tg_delivery_region` (`id`, `pid`, `name`, `region_level`) VALUES
(1964, 233, '昌北区', 4),
(1965, 233, '高新区', 4),
(1966, 233, '南昌县', 4),
(1967, 233, '新建县', 4),
(1968, 233, '安义县', 4),
(1969, 233, '进贤县', 4),
(1970, 234, '临川区', 4),
(1971, 234, '南城县', 4),
(1972, 234, '黎川县', 4),
(1973, 234, '南丰县', 4),
(1974, 234, '崇仁县', 4),
(1975, 234, '乐安县', 4),
(1976, 234, '宜黄县', 4),
(1977, 234, '金溪县', 4),
(1978, 234, '资溪县', 4),
(1979, 234, '东乡县', 4),
(1980, 234, '广昌县', 4),
(1981, 235, '章贡区', 4),
(1982, 235, '于都县', 4),
(1983, 235, '瑞金市', 4),
(1984, 235, '南康市', 4),
(1985, 235, '赣县', 4),
(1986, 235, '信丰县', 4),
(1987, 235, '大余县', 4),
(1988, 235, '上犹县', 4),
(1989, 235, '崇义县', 4),
(1990, 235, '安远县', 4),
(1991, 235, '龙南县', 4),
(1992, 235, '定南县', 4),
(1993, 235, '全南县', 4),
(1994, 235, '宁都县', 4),
(1995, 235, '兴国县', 4),
(1996, 235, '会昌县', 4),
(1997, 235, '寻乌县', 4),
(1998, 235, '石城县', 4),
(1999, 236, '安福县', 4),
(2000, 236, '吉州区', 4),
(2001, 236, '青原区', 4),
(2002, 236, '井冈山市', 4),
(2003, 236, '吉安县', 4),
(2004, 236, '吉水县', 4),
(2005, 236, '峡江县', 4),
(2006, 236, '新干县', 4),
(2007, 236, '永丰县', 4),
(2008, 236, '泰和县', 4),
(2009, 236, '遂川县', 4),
(2010, 236, '万安县', 4),
(2011, 236, '永新县', 4),
(2012, 237, '珠山区', 4),
(2013, 237, '昌江区', 4),
(2014, 237, '乐平市', 4),
(2015, 237, '浮梁县', 4),
(2016, 238, '浔阳区', 4),
(2017, 238, '庐山区', 4),
(2018, 238, '瑞昌市', 4),
(2019, 238, '九江县', 4),
(2020, 238, '武宁县', 4),
(2021, 238, '修水县', 4),
(2022, 238, '永修县', 4),
(2023, 238, '德安县', 4),
(2024, 238, '星子县', 4),
(2025, 238, '都昌县', 4),
(2026, 238, '湖口县', 4),
(2027, 238, '彭泽县', 4),
(2028, 239, '安源区', 4),
(2029, 239, '湘东区', 4),
(2030, 239, '莲花县', 4),
(2031, 239, '芦溪县', 4),
(2032, 239, '上栗县', 4),
(2033, 240, '信州区', 4),
(2034, 240, '德兴市', 4),
(2035, 240, '上饶县', 4),
(2036, 240, '广丰县', 4),
(2037, 240, '玉山县', 4),
(2038, 240, '铅山县', 4),
(2039, 240, '横峰县', 4),
(2040, 240, '弋阳县', 4),
(2041, 240, '余干县', 4),
(2042, 240, '波阳县', 4),
(2043, 240, '万年县', 4),
(2044, 240, '婺源县', 4),
(2045, 241, '渝水区', 4),
(2046, 241, '分宜县', 4),
(2047, 242, '袁州区', 4),
(2048, 242, '丰城市', 4),
(2049, 242, '樟树市', 4),
(2050, 242, '高安市', 4),
(2051, 242, '奉新县', 4),
(2052, 242, '万载县', 4),
(2053, 242, '上高县', 4),
(2054, 242, '宜丰县', 4),
(2055, 242, '靖安县', 4),
(2056, 242, '铜鼓县', 4),
(2057, 243, '月湖区', 4),
(2058, 243, '贵溪市', 4),
(2059, 243, '余江县', 4),
(2060, 244, '沈河区', 4),
(2061, 244, '皇姑区', 4),
(2062, 244, '和平区', 4),
(2063, 244, '大东区', 4),
(2064, 244, '铁西区', 4),
(2065, 244, '苏家屯区', 4),
(2066, 244, '东陵区', 4),
(2067, 244, '沈北新区', 4),
(2068, 244, '于洪区', 4),
(2069, 244, '浑南新区', 4),
(2070, 244, '新民市', 4),
(2071, 244, '辽中县', 4),
(2072, 244, '康平县', 4),
(2073, 244, '法库县', 4),
(2074, 245, '西岗区', 4),
(2075, 245, '中山区', 4),
(2076, 245, '沙河口区', 4),
(2077, 245, '甘井子区', 4),
(2078, 245, '旅顺口区', 4),
(2079, 245, '金州区', 4),
(2080, 245, '开发区', 4),
(2081, 245, '瓦房店市', 4),
(2082, 245, '普兰店市', 4),
(2083, 245, '庄河市', 4),
(2084, 245, '长海县', 4),
(2085, 246, '铁东区', 4),
(2086, 246, '铁西区', 4),
(2087, 246, '立山区', 4),
(2088, 246, '千山区', 4),
(2089, 246, '岫岩', 4),
(2090, 246, '海城市', 4),
(2091, 246, '台安县', 4),
(2092, 247, '本溪', 4),
(2093, 247, '平山区', 4),
(2094, 247, '明山区', 4),
(2095, 247, '溪湖区', 4),
(2096, 247, '南芬区', 4),
(2097, 247, '桓仁', 4),
(2098, 248, '双塔区', 4),
(2099, 248, '龙城区', 4),
(2100, 248, '喀喇沁左翼蒙古族自治', 4),
(2101, 248, '北票市', 4),
(2102, 248, '凌源市', 4),
(2103, 248, '朝阳县', 4),
(2104, 248, '建平县', 4),
(2105, 249, '振兴区', 4),
(2106, 249, '元宝区', 4),
(2107, 249, '振安区', 4),
(2108, 249, '宽甸', 4),
(2109, 249, '东港市', 4),
(2110, 249, '凤城市', 4),
(2111, 250, '顺城区', 4),
(2112, 250, '新抚区', 4),
(2113, 250, '东洲区', 4),
(2114, 250, '望花区', 4),
(2115, 250, '清原', 4),
(2116, 250, '新宾', 4),
(2117, 250, '抚顺县', 4),
(2118, 251, '阜新', 4),
(2119, 251, '海州区', 4),
(2120, 251, '新邱区', 4),
(2121, 251, '太平区', 4),
(2122, 251, '清河门区', 4),
(2123, 251, '细河区', 4),
(2124, 251, '彰武县', 4),
(2125, 252, '龙港区', 4),
(2126, 252, '南票区', 4),
(2127, 252, '连山区', 4),
(2128, 252, '兴城市', 4),
(2129, 252, '绥中县', 4),
(2130, 252, '建昌县', 4),
(2131, 253, '太和区', 4),
(2132, 253, '古塔区', 4),
(2133, 253, '凌河区', 4),
(2134, 253, '凌海市', 4),
(2135, 253, '北镇市', 4),
(2136, 253, '黑山县', 4),
(2137, 253, '义县', 4),
(2138, 254, '白塔区', 4),
(2139, 254, '文圣区', 4),
(2140, 254, '宏伟区', 4),
(2141, 254, '太子河区', 4),
(2142, 254, '弓长岭区', 4),
(2143, 254, '灯塔市', 4),
(2144, 254, '辽阳县', 4),
(2145, 255, '双台子区', 4),
(2146, 255, '兴隆台区', 4),
(2147, 255, '大洼县', 4),
(2148, 255, '盘山县', 4),
(2149, 256, '银州区', 4),
(2150, 256, '清河区', 4),
(2151, 256, '调兵山市', 4),
(2152, 256, '开原市', 4),
(2153, 256, '铁岭县', 4),
(2154, 256, '西丰县', 4),
(2155, 256, '昌图县', 4),
(2156, 257, '站前区', 4),
(2157, 257, '西市区', 4),
(2158, 257, '鲅鱼圈区', 4),
(2159, 257, '老边区', 4),
(2160, 257, '盖州市', 4),
(2161, 257, '大石桥市', 4),
(2162, 258, '回民区', 4),
(2163, 258, '玉泉区', 4),
(2164, 258, '新城区', 4),
(2165, 258, '赛罕区', 4),
(2166, 258, '清水河县', 4),
(2167, 258, '土默特左旗', 4),
(2168, 258, '托克托县', 4),
(2169, 258, '和林格尔县', 4),
(2170, 258, '武川县', 4),
(2171, 259, '阿拉善左旗', 4),
(2172, 259, '阿拉善右旗', 4),
(2173, 259, '额济纳旗', 4),
(2174, 260, '临河区', 4),
(2175, 260, '五原县', 4),
(2176, 260, '磴口县', 4),
(2177, 260, '乌拉特前旗', 4),
(2178, 260, '乌拉特中旗', 4),
(2179, 260, '乌拉特后旗', 4),
(2180, 260, '杭锦后旗', 4),
(2181, 261, '昆都仑区', 4),
(2182, 261, '青山区', 4),
(2183, 261, '东河区', 4),
(2184, 261, '九原区', 4),
(2185, 261, '石拐区', 4),
(2186, 261, '白云矿区', 4),
(2187, 261, '土默特右旗', 4),
(2188, 261, '固阳县', 4),
(2189, 261, '达尔罕茂明安联合旗', 4),
(2190, 262, '红山区', 4),
(2191, 262, '元宝山区', 4),
(2192, 262, '松山区', 4),
(2193, 262, '阿鲁科尔沁旗', 4),
(2194, 262, '巴林左旗', 4),
(2195, 262, '巴林右旗', 4),
(2196, 262, '林西县', 4),
(2197, 262, '克什克腾旗', 4),
(2198, 262, '翁牛特旗', 4),
(2199, 262, '喀喇沁旗', 4),
(2200, 262, '宁城县', 4),
(2201, 262, '敖汉旗', 4),
(2202, 263, '东胜区', 4),
(2203, 263, '达拉特旗', 4),
(2204, 263, '准格尔旗', 4),
(2205, 263, '鄂托克前旗', 4),
(2206, 263, '鄂托克旗', 4),
(2207, 263, '杭锦旗', 4),
(2208, 263, '乌审旗', 4),
(2209, 263, '伊金霍洛旗', 4),
(2210, 264, '海拉尔区', 4),
(2211, 264, '莫力达瓦', 4),
(2212, 264, '满洲里市', 4),
(2213, 264, '牙克石市', 4),
(2214, 264, '扎兰屯市', 4),
(2215, 264, '额尔古纳市', 4),
(2216, 264, '根河市', 4),
(2217, 264, '阿荣旗', 4),
(2218, 264, '鄂伦春自治旗', 4),
(2219, 264, '鄂温克族自治旗', 4),
(2220, 264, '陈巴尔虎旗', 4),
(2221, 264, '新巴尔虎左旗', 4),
(2222, 264, '新巴尔虎右旗', 4),
(2223, 265, '科尔沁区', 4),
(2224, 265, '霍林郭勒市', 4),
(2225, 265, '科尔沁左翼中旗', 4),
(2226, 265, '科尔沁左翼后旗', 4),
(2227, 265, '开鲁县', 4),
(2228, 265, '库伦旗', 4),
(2229, 265, '奈曼旗', 4),
(2230, 265, '扎鲁特旗', 4),
(2231, 266, '海勃湾区', 4),
(2232, 266, '乌达区', 4),
(2233, 266, '海南区', 4),
(2234, 267, '化德县', 4),
(2235, 267, '集宁区', 4),
(2236, 267, '丰镇市', 4),
(2237, 267, '卓资县', 4),
(2238, 267, '商都县', 4),
(2239, 267, '兴和县', 4),
(2240, 267, '凉城县', 4),
(2241, 267, '察哈尔右翼前旗', 4),
(2242, 267, '察哈尔右翼中旗', 4),
(2243, 267, '察哈尔右翼后旗', 4),
(2244, 267, '四子王旗', 4),
(2245, 268, '二连浩特市', 4),
(2246, 268, '锡林浩特市', 4),
(2247, 268, '阿巴嘎旗', 4),
(2248, 268, '苏尼特左旗', 4),
(2249, 268, '苏尼特右旗', 4),
(2250, 268, '东乌珠穆沁旗', 4),
(2251, 268, '西乌珠穆沁旗', 4),
(2252, 268, '太仆寺旗', 4),
(2253, 268, '镶黄旗', 4),
(2254, 268, '正镶白旗', 4),
(2255, 268, '正蓝旗', 4),
(2256, 268, '多伦县', 4),
(2257, 269, '乌兰浩特市', 4),
(2258, 269, '阿尔山市', 4),
(2259, 269, '科尔沁右翼前旗', 4),
(2260, 269, '科尔沁右翼中旗', 4),
(2261, 269, '扎赉特旗', 4),
(2262, 269, '突泉县', 4),
(2263, 270, '西夏区', 4),
(2264, 270, '金凤区', 4),
(2265, 270, '兴庆区', 4),
(2266, 270, '灵武市', 4),
(2267, 270, '永宁县', 4),
(2268, 270, '贺兰县', 4),
(2269, 271, '原州区', 4),
(2270, 271, '海原县', 4),
(2271, 271, '西吉县', 4),
(2272, 271, '隆德县', 4),
(2273, 271, '泾源县', 4),
(2274, 271, '彭阳县', 4),
(2275, 272, '惠农县', 4),
(2276, 272, '大武口区', 4),
(2277, 272, '惠农区', 4),
(2278, 272, '陶乐县', 4),
(2279, 272, '平罗县', 4),
(2280, 273, '利通区', 4),
(2281, 273, '中卫县', 4),
(2282, 273, '青铜峡市', 4),
(2283, 273, '中宁县', 4),
(2284, 273, '盐池县', 4),
(2285, 273, '同心县', 4),
(2286, 274, '沙坡头区', 4),
(2287, 274, '海原县', 4),
(2288, 274, '中宁县', 4),
(2289, 275, '城中区', 4),
(2290, 275, '城东区', 4),
(2291, 275, '城西区', 4),
(2292, 275, '城北区', 4),
(2293, 275, '湟中县', 4),
(2294, 275, '湟源县', 4),
(2295, 275, '大通', 4),
(2296, 276, '玛沁县', 4),
(2297, 276, '班玛县', 4),
(2298, 276, '甘德县', 4),
(2299, 276, '达日县', 4),
(2300, 276, '久治县', 4),
(2301, 276, '玛多县', 4),
(2302, 277, '海晏县', 4),
(2303, 277, '祁连县', 4),
(2304, 277, '刚察县', 4),
(2305, 277, '门源', 4),
(2306, 278, '平安县', 4),
(2307, 278, '乐都县', 4),
(2308, 278, '民和', 4),
(2309, 278, '互助', 4),
(2310, 278, '化隆', 4),
(2311, 278, '循化', 4),
(2312, 279, '共和县', 4),
(2313, 279, '同德县', 4),
(2314, 279, '贵德县', 4),
(2315, 279, '兴海县', 4),
(2316, 279, '贵南县', 4),
(2317, 280, '德令哈市', 4),
(2318, 280, '格尔木市', 4),
(2319, 280, '乌兰县', 4),
(2320, 280, '都兰县', 4),
(2321, 280, '天峻县', 4),
(2322, 281, '同仁县', 4),
(2323, 281, '尖扎县', 4),
(2324, 281, '泽库县', 4),
(2325, 281, '河南蒙古族自治县', 4),
(2326, 282, '玉树县', 4),
(2327, 282, '杂多县', 4),
(2328, 282, '称多县', 4),
(2329, 282, '治多县', 4),
(2330, 282, '囊谦县', 4),
(2331, 282, '曲麻莱县', 4),
(2332, 283, '市中区', 4),
(2333, 283, '历下区', 4),
(2334, 283, '天桥区', 4),
(2335, 283, '槐荫区', 4),
(2336, 283, '历城区', 4),
(2337, 283, '长清区', 4),
(2338, 283, '章丘市', 4),
(2339, 283, '平阴县', 4),
(2340, 283, '济阳县', 4),
(2341, 283, '商河县', 4),
(2342, 284, '市南区', 4),
(2343, 284, '市北区', 4),
(2344, 284, '城阳区', 4),
(2345, 284, '四方区', 4),
(2346, 284, '李沧区', 4),
(2347, 284, '黄岛区', 4),
(2348, 284, '崂山区', 4),
(2349, 284, '胶州市', 4),
(2350, 284, '即墨市', 4),
(2351, 284, '平度市', 4),
(2352, 284, '胶南市', 4),
(2353, 284, '莱西市', 4),
(2354, 285, '滨城区', 4),
(2355, 285, '惠民县', 4),
(2356, 285, '阳信县', 4),
(2357, 285, '无棣县', 4),
(2358, 285, '沾化县', 4),
(2359, 285, '博兴县', 4),
(2360, 285, '邹平县', 4),
(2361, 286, '德城区', 4),
(2362, 286, '陵县', 4),
(2363, 286, '乐陵市', 4),
(2364, 286, '禹城市', 4),
(2365, 286, '宁津县', 4),
(2366, 286, '庆云县', 4),
(2367, 286, '临邑县', 4),
(2368, 286, '齐河县', 4),
(2369, 286, '平原县', 4),
(2370, 286, '夏津县', 4),
(2371, 286, '武城县', 4),
(2372, 287, '东营区', 4),
(2373, 287, '河口区', 4),
(2374, 287, '垦利县', 4),
(2375, 287, '利津县', 4),
(2376, 287, '广饶县', 4),
(2377, 288, '牡丹区', 4),
(2378, 288, '曹县', 4),
(2379, 288, '单县', 4),
(2380, 288, '成武县', 4),
(2381, 288, '巨野县', 4),
(2382, 288, '郓城县', 4),
(2383, 288, '鄄城县', 4),
(2384, 288, '定陶县', 4),
(2385, 288, '东明县', 4),
(2386, 289, '市中区', 4),
(2387, 289, '任城区', 4),
(2388, 289, '曲阜市', 4),
(2389, 289, '兖州市', 4),
(2390, 289, '邹城市', 4),
(2391, 289, '微山县', 4),
(2392, 289, '鱼台县', 4),
(2393, 289, '金乡县', 4),
(2394, 289, '嘉祥县', 4),
(2395, 289, '汶上县', 4),
(2396, 289, '泗水县', 4),
(2397, 289, '梁山县', 4),
(2398, 290, '莱城区', 4),
(2399, 290, '钢城区', 4),
(2400, 291, '东昌府区', 4),
(2401, 291, '临清市', 4),
(2402, 291, '阳谷县', 4),
(2403, 291, '莘县', 4),
(2404, 291, '茌平县', 4),
(2405, 291, '东阿县', 4),
(2406, 291, '冠县', 4),
(2407, 291, '高唐县', 4),
(2408, 292, '兰山区', 4),
(2409, 292, '罗庄区', 4),
(2410, 292, '河东区', 4),
(2411, 292, '沂南县', 4),
(2412, 292, '郯城县', 4),
(2413, 292, '沂水县', 4),
(2414, 292, '苍山县', 4),
(2415, 292, '费县', 4),
(2416, 292, '平邑县', 4),
(2417, 292, '莒南县', 4),
(2418, 292, '蒙阴县', 4),
(2419, 292, '临沭县', 4),
(2420, 293, '东港区', 4),
(2421, 293, '岚山区', 4),
(2422, 293, '五莲县', 4),
(2423, 293, '莒县', 4),
(2424, 294, '泰山区', 4),
(2425, 294, '岱岳区', 4),
(2426, 294, '新泰市', 4),
(2427, 294, '肥城市', 4),
(2428, 294, '宁阳县', 4),
(2429, 294, '东平县', 4),
(2430, 295, '荣成市', 4),
(2431, 295, '乳山市', 4),
(2432, 295, '环翠区', 4),
(2433, 295, '文登市', 4),
(2434, 296, '潍城区', 4),
(2435, 296, '寒亭区', 4),
(2436, 296, '坊子区', 4),
(2437, 296, '奎文区', 4),
(2438, 296, '青州市', 4),
(2439, 296, '诸城市', 4),
(2440, 296, '寿光市', 4),
(2441, 296, '安丘市', 4),
(2442, 296, '高密市', 4),
(2443, 296, '昌邑市', 4),
(2444, 296, '临朐县', 4),
(2445, 296, '昌乐县', 4),
(2446, 297, '芝罘区', 4),
(2447, 297, '福山区', 4),
(2448, 297, '牟平区', 4),
(2449, 297, '莱山区', 4),
(2450, 297, '开发区', 4),
(2451, 297, '龙口市', 4),
(2452, 297, '莱阳市', 4),
(2453, 297, '莱州市', 4),
(2454, 297, '蓬莱市', 4),
(2455, 297, '招远市', 4),
(2456, 297, '栖霞市', 4),
(2457, 297, '海阳市', 4),
(2458, 297, '长岛县', 4),
(2459, 298, '市中区', 4),
(2460, 298, '山亭区', 4),
(2461, 298, '峄城区', 4),
(2462, 298, '台儿庄区', 4),
(2463, 298, '薛城区', 4),
(2464, 298, '滕州市', 4),
(2465, 299, '张店区', 4),
(2466, 299, '临淄区', 4),
(2467, 299, '淄川区', 4),
(2468, 299, '博山区', 4),
(2469, 299, '周村区', 4),
(2470, 299, '桓台县', 4),
(2471, 299, '高青县', 4),
(2472, 299, '沂源县', 4),
(2473, 300, '杏花岭区', 4),
(2474, 300, '小店区', 4),
(2475, 300, '迎泽区', 4),
(2476, 300, '尖草坪区', 4),
(2477, 300, '万柏林区', 4),
(2478, 300, '晋源区', 4),
(2479, 300, '高新开发区', 4),
(2480, 300, '民营经济开发区', 4),
(2481, 300, '经济技术开发区', 4),
(2482, 300, '清徐县', 4),
(2483, 300, '阳曲县', 4),
(2484, 300, '娄烦县', 4),
(2485, 300, '古交市', 4),
(2486, 301, '城区', 4),
(2487, 301, '郊区', 4),
(2488, 301, '沁县', 4),
(2489, 301, '潞城市', 4),
(2490, 301, '长治县', 4),
(2491, 301, '襄垣县', 4),
(2492, 301, '屯留县', 4),
(2493, 301, '平顺县', 4),
(2494, 301, '黎城县', 4),
(2495, 301, '壶关县', 4),
(2496, 301, '长子县', 4),
(2497, 301, '武乡县', 4),
(2498, 301, '沁源县', 4),
(2499, 302, '城区', 4),
(2500, 302, '矿区', 4),
(2501, 302, '南郊区', 4),
(2502, 302, '新荣区', 4),
(2503, 302, '阳高县', 4),
(2504, 302, '天镇县', 4),
(2505, 302, '广灵县', 4),
(2506, 302, '灵丘县', 4),
(2507, 302, '浑源县', 4),
(2508, 302, '左云县', 4),
(2509, 302, '大同县', 4),
(2510, 303, '城区', 4),
(2511, 303, '高平市', 4),
(2512, 303, '沁水县', 4),
(2513, 303, '阳城县', 4),
(2514, 303, '陵川县', 4),
(2515, 303, '泽州县', 4),
(2516, 304, '榆次区', 4),
(2517, 304, '介休市', 4),
(2518, 304, '榆社县', 4),
(2519, 304, '左权县', 4),
(2520, 304, '和顺县', 4),
(2521, 304, '昔阳县', 4),
(2522, 304, '寿阳县', 4),
(2523, 304, '太谷县', 4),
(2524, 304, '祁县', 4),
(2525, 304, '平遥县', 4),
(2526, 304, '灵石县', 4),
(2527, 305, '尧都区', 4),
(2528, 305, '侯马市', 4),
(2529, 305, '霍州市', 4),
(2530, 305, '曲沃县', 4),
(2531, 305, '翼城县', 4),
(2532, 305, '襄汾县', 4),
(2533, 305, '洪洞县', 4),
(2534, 305, '吉县', 4),
(2535, 305, '安泽县', 4),
(2536, 305, '浮山县', 4),
(2537, 305, '古县', 4),
(2538, 305, '乡宁县', 4),
(2539, 305, '大宁县', 4),
(2540, 305, '隰县', 4),
(2541, 305, '永和县', 4),
(2542, 305, '蒲县', 4),
(2543, 305, '汾西县', 4),
(2544, 306, '离石市', 4),
(2545, 306, '离石区', 4),
(2546, 306, '孝义市', 4),
(2547, 306, '汾阳市', 4),
(2548, 306, '文水县', 4),
(2549, 306, '交城县', 4),
(2550, 306, '兴县', 4),
(2551, 306, '临县', 4),
(2552, 306, '柳林县', 4),
(2553, 306, '石楼县', 4),
(2554, 306, '岚县', 4),
(2555, 306, '方山县', 4),
(2556, 306, '中阳县', 4),
(2557, 306, '交口县', 4),
(2558, 307, '朔城区', 4),
(2559, 307, '平鲁区', 4),
(2560, 307, '山阴县', 4),
(2561, 307, '应县', 4),
(2562, 307, '右玉县', 4),
(2563, 307, '怀仁县', 4),
(2564, 308, '忻府区', 4),
(2565, 308, '原平市', 4),
(2566, 308, '定襄县', 4),
(2567, 308, '五台县', 4),
(2568, 308, '代县', 4),
(2569, 308, '繁峙县', 4),
(2570, 308, '宁武县', 4),
(2571, 308, '静乐县', 4),
(2572, 308, '神池县', 4),
(2573, 308, '五寨县', 4),
(2574, 308, '岢岚县', 4),
(2575, 308, '河曲县', 4),
(2576, 308, '保德县', 4),
(2577, 308, '偏关县', 4),
(2578, 309, '城区', 4),
(2579, 309, '矿区', 4),
(2580, 309, '郊区', 4),
(2581, 309, '平定县', 4),
(2582, 309, '盂县', 4),
(2583, 310, '盐湖区', 4),
(2584, 310, '永济市', 4),
(2585, 310, '河津市', 4),
(2586, 310, '临猗县', 4),
(2587, 310, '万荣县', 4),
(2588, 310, '闻喜县', 4),
(2589, 310, '稷山县', 4),
(2590, 310, '新绛县', 4),
(2591, 310, '绛县', 4),
(2592, 310, '垣曲县', 4),
(2593, 310, '夏县', 4),
(2594, 310, '平陆县', 4),
(2595, 310, '芮城县', 4),
(2596, 311, '莲湖区', 4),
(2597, 311, '新城区', 4),
(2598, 311, '碑林区', 4),
(2599, 311, '雁塔区', 4),
(2600, 311, '灞桥区', 4),
(2601, 311, '未央区', 4),
(2602, 311, '阎良区', 4),
(2603, 311, '临潼区', 4),
(2604, 311, '长安区', 4),
(2605, 311, '蓝田县', 4),
(2606, 311, '周至县', 4),
(2607, 311, '户县', 4),
(2608, 311, '高陵县', 4),
(2609, 312, '汉滨区', 4),
(2610, 312, '汉阴县', 4),
(2611, 312, '石泉县', 4),
(2612, 312, '宁陕县', 4),
(2613, 312, '紫阳县', 4),
(2614, 312, '岚皋县', 4),
(2615, 312, '平利县', 4),
(2616, 312, '镇坪县', 4),
(2617, 312, '旬阳县', 4),
(2618, 312, '白河县', 4),
(2619, 313, '陈仓区', 4),
(2620, 313, '渭滨区', 4),
(2621, 313, '金台区', 4),
(2622, 313, '凤翔县', 4),
(2623, 313, '岐山县', 4),
(2624, 313, '扶风县', 4),
(2625, 313, '眉县', 4),
(2626, 313, '陇县', 4),
(2627, 313, '千阳县', 4),
(2628, 313, '麟游县', 4),
(2629, 313, '凤县', 4),
(2630, 313, '太白县', 4),
(2631, 314, '汉台区', 4),
(2632, 314, '南郑县', 4),
(2633, 314, '城固县', 4),
(2634, 314, '洋县', 4),
(2635, 314, '西乡县', 4),
(2636, 314, '勉县', 4),
(2637, 314, '宁强县', 4),
(2638, 314, '略阳县', 4),
(2639, 314, '镇巴县', 4),
(2640, 314, '留坝县', 4),
(2641, 314, '佛坪县', 4),
(2642, 315, '商州区', 4),
(2643, 315, '洛南县', 4),
(2644, 315, '丹凤县', 4),
(2645, 315, '商南县', 4),
(2646, 315, '山阳县', 4),
(2647, 315, '镇安县', 4),
(2648, 315, '柞水县', 4),
(2649, 316, '耀州区', 4),
(2650, 316, '王益区', 4),
(2651, 316, '印台区', 4),
(2652, 316, '宜君县', 4),
(2653, 317, '临渭区', 4),
(2654, 317, '韩城市', 4),
(2655, 317, '华阴市', 4),
(2656, 317, '华县', 4),
(2657, 317, '潼关县', 4),
(2658, 317, '大荔县', 4),
(2659, 317, '合阳县', 4),
(2660, 317, '澄城县', 4),
(2661, 317, '蒲城县', 4),
(2662, 317, '白水县', 4),
(2663, 317, '富平县', 4),
(2664, 318, '秦都区', 4),
(2665, 318, '渭城区', 4),
(2666, 318, '杨陵区', 4),
(2667, 318, '兴平市', 4),
(2668, 318, '三原县', 4),
(2669, 318, '泾阳县', 4),
(2670, 318, '乾县', 4),
(2671, 318, '礼泉县', 4),
(2672, 318, '永寿县', 4),
(2673, 318, '彬县', 4),
(2674, 318, '长武县', 4),
(2675, 318, '旬邑县', 4),
(2676, 318, '淳化县', 4),
(2677, 318, '武功县', 4),
(2678, 319, '吴起县', 4),
(2679, 319, '宝塔区', 4),
(2680, 319, '延长县', 4),
(2681, 319, '延川县', 4),
(2682, 319, '子长县', 4),
(2683, 319, '安塞县', 4),
(2684, 319, '志丹县', 4),
(2685, 319, '甘泉县', 4),
(2686, 319, '富县', 4),
(2687, 319, '洛川县', 4),
(2688, 319, '宜川县', 4),
(2689, 319, '黄龙县', 4),
(2690, 319, '黄陵县', 4),
(2691, 320, '榆阳区', 4),
(2692, 320, '神木县', 4),
(2693, 320, '府谷县', 4),
(2694, 320, '横山县', 4),
(2695, 320, '靖边县', 4),
(2696, 320, '定边县', 4),
(2697, 320, '绥德县', 4),
(2698, 320, '米脂县', 4),
(2699, 320, '佳县', 4),
(2700, 320, '吴堡县', 4),
(2701, 320, '清涧县', 4),
(2702, 320, '子洲县', 4),
(2703, 321, '长宁区', 4),
(2704, 321, '闸北区', 4),
(2705, 321, '闵行区', 4),
(2706, 321, '徐汇区', 4),
(2707, 321, '浦东新区', 4),
(2708, 321, '杨浦区', 4),
(2709, 321, '普陀区', 4),
(2710, 321, '静安区', 4),
(2711, 321, '卢湾区', 4),
(2712, 321, '虹口区', 4),
(2713, 321, '黄浦区', 4),
(2714, 321, '南汇区', 4),
(2715, 321, '松江区', 4),
(2716, 321, '嘉定区', 4),
(2717, 321, '宝山区', 4),
(2718, 321, '青浦区', 4),
(2719, 321, '金山区', 4),
(2720, 321, '奉贤区', 4),
(2721, 321, '崇明县', 4),
(2722, 322, '青羊区', 4),
(2723, 322, '锦江区', 4),
(2724, 322, '金牛区', 4),
(2725, 322, '武侯区', 4),
(2726, 322, '成华区', 4),
(2727, 322, '龙泉驿区', 4),
(2728, 322, '青白江区', 4),
(2729, 322, '新都区', 4),
(2730, 322, '温江区', 4),
(2731, 322, '高新区', 4),
(2732, 322, '高新西区', 4),
(2733, 322, '都江堰市', 4),
(2734, 322, '彭州市', 4),
(2735, 322, '邛崃市', 4),
(2736, 322, '崇州市', 4),
(2737, 322, '金堂县', 4),
(2738, 322, '双流县', 4),
(2739, 322, '郫县', 4),
(2740, 322, '大邑县', 4),
(2741, 322, '蒲江县', 4),
(2742, 322, '新津县', 4),
(2743, 322, '都江堰市', 4),
(2744, 322, '彭州市', 4),
(2745, 322, '邛崃市', 4),
(2746, 322, '崇州市', 4),
(2747, 322, '金堂县', 4),
(2748, 322, '双流县', 4),
(2749, 322, '郫县', 4),
(2750, 322, '大邑县', 4),
(2751, 322, '蒲江县', 4),
(2752, 322, '新津县', 4),
(2753, 323, '涪城区', 4),
(2754, 323, '游仙区', 4),
(2755, 323, '江油市', 4),
(2756, 323, '盐亭县', 4),
(2757, 323, '三台县', 4),
(2758, 323, '平武县', 4),
(2759, 323, '安县', 4),
(2760, 323, '梓潼县', 4),
(2761, 323, '北川县', 4),
(2762, 324, '马尔康县', 4),
(2763, 324, '汶川县', 4),
(2764, 324, '理县', 4),
(2765, 324, '茂县', 4),
(2766, 324, '松潘县', 4),
(2767, 324, '九寨沟县', 4),
(2768, 324, '金川县', 4),
(2769, 324, '小金县', 4),
(2770, 324, '黑水县', 4),
(2771, 324, '壤塘县', 4),
(2772, 324, '阿坝县', 4),
(2773, 324, '若尔盖县', 4),
(2774, 324, '红原县', 4),
(2775, 325, '巴州区', 4),
(2776, 325, '通江县', 4),
(2777, 325, '南江县', 4),
(2778, 325, '平昌县', 4),
(2779, 326, '通川区', 4),
(2780, 326, '万源市', 4),
(2781, 326, '达县', 4),
(2782, 326, '宣汉县', 4),
(2783, 326, '开江县', 4),
(2784, 326, '大竹县', 4),
(2785, 326, '渠县', 4),
(2786, 327, '旌阳区', 4),
(2787, 327, '广汉市', 4),
(2788, 327, '什邡市', 4),
(2789, 327, '绵竹市', 4),
(2790, 327, '罗江县', 4),
(2791, 327, '中江县', 4),
(2792, 328, '康定县', 4),
(2793, 328, '丹巴县', 4),
(2794, 328, '泸定县', 4),
(2795, 328, '炉霍县', 4),
(2796, 328, '九龙县', 4),
(2797, 328, '甘孜县', 4),
(2798, 328, '雅江县', 4),
(2799, 328, '新龙县', 4),
(2800, 328, '道孚县', 4),
(2801, 328, '白玉县', 4),
(2802, 328, '理塘县', 4),
(2803, 328, '德格县', 4),
(2804, 328, '乡城县', 4),
(2805, 328, '石渠县', 4),
(2806, 328, '稻城县', 4),
(2807, 328, '色达县', 4),
(2808, 328, '巴塘县', 4),
(2809, 328, '得荣县', 4),
(2810, 329, '广安区', 4),
(2811, 329, '华蓥市', 4),
(2812, 329, '岳池县', 4),
(2813, 329, '武胜县', 4),
(2814, 329, '邻水县', 4),
(2815, 330, '利州区', 4),
(2816, 330, '元坝区', 4),
(2817, 330, '朝天区', 4),
(2818, 330, '旺苍县', 4),
(2819, 330, '青川县', 4),
(2820, 330, '剑阁县', 4),
(2821, 330, '苍溪县', 4),
(2822, 331, '峨眉山市', 4),
(2823, 331, '乐山市', 4),
(2824, 331, '犍为县', 4),
(2825, 331, '井研县', 4),
(2826, 331, '夹江县', 4),
(2827, 331, '沐川县', 4),
(2828, 331, '峨边', 4),
(2829, 331, '马边', 4),
(2830, 332, '西昌市', 4),
(2831, 332, '盐源县', 4),
(2832, 332, '德昌县', 4),
(2833, 332, '会理县', 4),
(2834, 332, '会东县', 4),
(2835, 332, '宁南县', 4),
(2836, 332, '普格县', 4),
(2837, 332, '布拖县', 4),
(2838, 332, '金阳县', 4),
(2839, 332, '昭觉县', 4),
(2840, 332, '喜德县', 4),
(2841, 332, '冕宁县', 4),
(2842, 332, '越西县', 4),
(2843, 332, '甘洛县', 4),
(2844, 332, '美姑县', 4),
(2845, 332, '雷波县', 4),
(2846, 332, '木里', 4),
(2847, 333, '东坡区', 4),
(2848, 333, '仁寿县', 4),
(2849, 333, '彭山县', 4),
(2850, 333, '洪雅县', 4),
(2851, 333, '丹棱县', 4),
(2852, 333, '青神县', 4),
(2853, 334, '阆中市', 4),
(2854, 334, '南部县', 4),
(2855, 334, '营山县', 4),
(2856, 334, '蓬安县', 4),
(2857, 334, '仪陇县', 4),
(2858, 334, '顺庆区', 4),
(2859, 334, '高坪区', 4),
(2860, 334, '嘉陵区', 4),
(2861, 334, '西充县', 4),
(2862, 335, '市中区', 4),
(2863, 335, '东兴区', 4),
(2864, 335, '威远县', 4),
(2865, 335, '资中县', 4),
(2866, 335, '隆昌县', 4),
(2867, 336, '东  区', 4),
(2868, 336, '西  区', 4),
(2869, 336, '仁和区', 4),
(2870, 336, '米易县', 4),
(2871, 336, '盐边县', 4),
(2872, 337, '船山区', 4),
(2873, 337, '安居区', 4),
(2874, 337, '蓬溪县', 4),
(2875, 337, '射洪县', 4),
(2876, 337, '大英县', 4),
(2877, 338, '雨城区', 4),
(2878, 338, '名山县', 4),
(2879, 338, '荥经县', 4),
(2880, 338, '汉源县', 4),
(2881, 338, '石棉县', 4),
(2882, 338, '天全县', 4),
(2883, 338, '芦山县', 4),
(2884, 338, '宝兴县', 4),
(2885, 339, '翠屏区', 4),
(2886, 339, '宜宾县', 4),
(2887, 339, '南溪县', 4),
(2888, 339, '江安县', 4),
(2889, 339, '长宁县', 4),
(2890, 339, '高县', 4),
(2891, 339, '珙县', 4),
(2892, 339, '筠连县', 4),
(2893, 339, '兴文县', 4),
(2894, 339, '屏山县', 4),
(2895, 340, '雁江区', 4),
(2896, 340, '简阳市', 4),
(2897, 340, '安岳县', 4),
(2898, 340, '乐至县', 4),
(2899, 341, '大安区', 4),
(2900, 341, '自流井区', 4),
(2901, 341, '贡井区', 4),
(2902, 341, '沿滩区', 4),
(2903, 341, '荣县', 4),
(2904, 341, '富顺县', 4),
(2905, 342, '江阳区', 4),
(2906, 342, '纳溪区', 4),
(2907, 342, '龙马潭区', 4),
(2908, 342, '泸县', 4),
(2909, 342, '合江县', 4),
(2910, 342, '叙永县', 4),
(2911, 342, '古蔺县', 4),
(2912, 343, '和平区', 4),
(2913, 343, '河西区', 4),
(2914, 343, '南开区', 4),
(2915, 343, '河北区', 4),
(2916, 343, '河东区', 4),
(2917, 343, '红桥区', 4),
(2918, 343, '东丽区', 4),
(2919, 343, '津南区', 4),
(2920, 343, '西青区', 4),
(2921, 343, '北辰区', 4),
(2922, 343, '塘沽区', 4),
(2923, 343, '汉沽区', 4),
(2924, 343, '大港区', 4),
(2925, 343, '武清区', 4),
(2926, 343, '宝坻区', 4),
(2927, 343, '经济开发区', 4),
(2928, 343, '宁河县', 4),
(2929, 343, '静海县', 4),
(2930, 343, '蓟县', 4),
(2931, 344, '城关区', 4),
(2932, 344, '林周县', 4),
(2933, 344, '当雄县', 4),
(2934, 344, '尼木县', 4),
(2935, 344, '曲水县', 4),
(2936, 344, '堆龙德庆县', 4),
(2937, 344, '达孜县', 4),
(2938, 344, '墨竹工卡县', 4),
(2939, 345, '噶尔县', 4),
(2940, 345, '普兰县', 4),
(2941, 345, '札达县', 4),
(2942, 345, '日土县', 4),
(2943, 345, '革吉县', 4),
(2944, 345, '改则县', 4),
(2945, 345, '措勤县', 4),
(2946, 346, '昌都县', 4),
(2947, 346, '江达县', 4),
(2948, 346, '贡觉县', 4),
(2949, 346, '类乌齐县', 4),
(2950, 346, '丁青县', 4),
(2951, 346, '察雅县', 4),
(2952, 346, '八宿县', 4),
(2953, 346, '左贡县', 4),
(2954, 346, '芒康县', 4),
(2955, 346, '洛隆县', 4),
(2956, 346, '边坝县', 4),
(2957, 347, '林芝县', 4),
(2958, 347, '工布江达县', 4),
(2959, 347, '米林县', 4),
(2960, 347, '墨脱县', 4),
(2961, 347, '波密县', 4),
(2962, 347, '察隅县', 4),
(2963, 347, '朗县', 4),
(2964, 348, '那曲县', 4),
(2965, 348, '嘉黎县', 4),
(2966, 348, '比如县', 4),
(2967, 348, '聂荣县', 4),
(2968, 348, '安多县', 4),
(2969, 348, '申扎县', 4),
(2970, 348, '索县', 4),
(2971, 348, '班戈县', 4),
(2972, 348, '巴青县', 4),
(2973, 348, '尼玛县', 4),
(2974, 349, '日喀则市', 4),
(2975, 349, '南木林县', 4),
(2976, 349, '江孜县', 4),
(2977, 349, '定日县', 4),
(2978, 349, '萨迦县', 4),
(2979, 349, '拉孜县', 4),
(2980, 349, '昂仁县', 4),
(2981, 349, '谢通门县', 4),
(2982, 349, '白朗县', 4),
(2983, 349, '仁布县', 4),
(2984, 349, '康马县', 4),
(2985, 349, '定结县', 4),
(2986, 349, '仲巴县', 4),
(2987, 349, '亚东县', 4),
(2988, 349, '吉隆县', 4),
(2989, 349, '聂拉木县', 4),
(2990, 349, '萨嘎县', 4),
(2991, 349, '岗巴县', 4),
(2992, 350, '乃东县', 4),
(2993, 350, '扎囊县', 4),
(2994, 350, '贡嘎县', 4),
(2995, 350, '桑日县', 4),
(2996, 350, '琼结县', 4),
(2997, 350, '曲松县', 4),
(2998, 350, '措美县', 4),
(2999, 350, '洛扎县', 4),
(3000, 350, '加查县', 4),
(3001, 350, '隆子县', 4),
(3002, 350, '错那县', 4),
(3003, 350, '浪卡子县', 4),
(3004, 351, '天山区', 4),
(3005, 351, '沙依巴克区', 4),
(3006, 351, '新市区', 4),
(3007, 351, '水磨沟区', 4),
(3008, 351, '头屯河区', 4),
(3009, 351, '达坂城区', 4),
(3010, 351, '米东区', 4),
(3011, 351, '乌鲁木齐县', 4),
(3012, 352, '阿克苏市', 4),
(3013, 352, '温宿县', 4),
(3014, 352, '库车县', 4),
(3015, 352, '沙雅县', 4),
(3016, 352, '新和县', 4),
(3017, 352, '拜城县', 4),
(3018, 352, '乌什县', 4),
(3019, 352, '阿瓦提县', 4),
(3020, 352, '柯坪县', 4),
(3021, 353, '阿拉尔市', 4),
(3022, 354, '库尔勒市', 4),
(3023, 354, '轮台县', 4),
(3024, 354, '尉犁县', 4),
(3025, 354, '若羌县', 4),
(3026, 354, '且末县', 4),
(3027, 354, '焉耆', 4),
(3028, 354, '和静县', 4),
(3029, 354, '和硕县', 4),
(3030, 354, '博湖县', 4),
(3031, 355, '博乐市', 4),
(3032, 355, '精河县', 4),
(3033, 355, '温泉县', 4),
(3034, 356, '呼图壁县', 4),
(3035, 356, '米泉市', 4),
(3036, 356, '昌吉市', 4),
(3037, 356, '阜康市', 4),
(3038, 356, '玛纳斯县', 4),
(3039, 356, '奇台县', 4),
(3040, 356, '吉木萨尔县', 4),
(3041, 356, '木垒', 4),
(3042, 357, '哈密市', 4),
(3043, 357, '伊吾县', 4),
(3044, 357, '巴里坤', 4),
(3045, 358, '和田市', 4),
(3046, 358, '和田县', 4),
(3047, 358, '墨玉县', 4),
(3048, 358, '皮山县', 4),
(3049, 358, '洛浦县', 4),
(3050, 358, '策勒县', 4),
(3051, 358, '于田县', 4),
(3052, 358, '民丰县', 4),
(3053, 359, '喀什市', 4),
(3054, 359, '疏附县', 4),
(3055, 359, '疏勒县', 4),
(3056, 359, '英吉沙县', 4),
(3057, 359, '泽普县', 4),
(3058, 359, '莎车县', 4),
(3059, 359, '叶城县', 4),
(3060, 359, '麦盖提县', 4),
(3061, 359, '岳普湖县', 4),
(3062, 359, '伽师县', 4),
(3063, 359, '巴楚县', 4),
(3064, 359, '塔什库尔干', 4),
(3065, 360, '克拉玛依市', 4),
(3066, 361, '阿图什市', 4),
(3067, 361, '阿克陶县', 4),
(3068, 361, '阿合奇县', 4),
(3069, 361, '乌恰县', 4),
(3070, 362, '石河子市', 4),
(3071, 363, '图木舒克市', 4),
(3072, 364, '吐鲁番市', 4),
(3073, 364, '鄯善县', 4),
(3074, 364, '托克逊县', 4),
(3075, 365, '五家渠市', 4),
(3076, 366, '阿勒泰市', 4),
(3077, 366, '布克赛尔', 4),
(3078, 366, '伊宁市', 4),
(3079, 366, '布尔津县', 4),
(3080, 366, '奎屯市', 4),
(3081, 366, '乌苏市', 4),
(3082, 366, '额敏县', 4),
(3083, 366, '富蕴县', 4),
(3084, 366, '伊宁县', 4),
(3085, 366, '福海县', 4),
(3086, 366, '霍城县', 4),
(3087, 366, '沙湾县', 4),
(3088, 366, '巩留县', 4),
(3089, 366, '哈巴河县', 4),
(3090, 366, '托里县', 4),
(3091, 366, '青河县', 4),
(3092, 366, '新源县', 4),
(3093, 366, '裕民县', 4),
(3094, 366, '和布克赛尔', 4),
(3095, 366, '吉木乃县', 4),
(3096, 366, '昭苏县', 4),
(3097, 366, '特克斯县', 4),
(3098, 366, '尼勒克县', 4),
(3099, 366, '察布查尔', 4),
(3100, 367, '盘龙区', 4),
(3101, 367, '五华区', 4),
(3102, 367, '官渡区', 4),
(3103, 367, '西山区', 4),
(3104, 367, '东川区', 4),
(3105, 367, '安宁市', 4),
(3106, 367, '呈贡县', 4),
(3107, 367, '晋宁县', 4),
(3108, 367, '富民县', 4),
(3109, 367, '宜良县', 4),
(3110, 367, '嵩明县', 4),
(3111, 367, '石林县', 4),
(3112, 367, '禄劝', 4),
(3113, 367, '寻甸', 4),
(3114, 368, '兰坪', 4),
(3115, 368, '泸水县', 4),
(3116, 368, '福贡县', 4),
(3117, 368, '贡山', 4),
(3118, 369, '宁洱', 4),
(3119, 369, '思茅区', 4),
(3120, 369, '墨江', 4),
(3121, 369, '景东', 4),
(3122, 369, '景谷', 4),
(3123, 369, '镇沅', 4),
(3124, 369, '江城', 4),
(3125, 369, '孟连', 4),
(3126, 369, '澜沧', 4),
(3127, 369, '西盟', 4),
(3128, 370, '古城区', 4),
(3129, 370, '宁蒗', 4),
(3130, 370, '玉龙', 4),
(3131, 370, '永胜县', 4),
(3132, 370, '华坪县', 4),
(3133, 371, '隆阳区', 4),
(3134, 371, '施甸县', 4),
(3135, 371, '腾冲县', 4),
(3136, 371, '龙陵县', 4),
(3137, 371, '昌宁县', 4),
(3138, 372, '楚雄市', 4),
(3139, 372, '双柏县', 4),
(3140, 372, '牟定县', 4),
(3141, 372, '南华县', 4),
(3142, 372, '姚安县', 4),
(3143, 372, '大姚县', 4),
(3144, 372, '永仁县', 4),
(3145, 372, '元谋县', 4),
(3146, 372, '武定县', 4),
(3147, 372, '禄丰县', 4),
(3148, 373, '大理市', 4),
(3149, 373, '祥云县', 4),
(3150, 373, '宾川县', 4),
(3151, 373, '弥渡县', 4),
(3152, 373, '永平县', 4),
(3153, 373, '云龙县', 4),
(3154, 373, '洱源县', 4),
(3155, 373, '剑川县', 4),
(3156, 373, '鹤庆县', 4),
(3157, 373, '漾濞', 4),
(3158, 373, '南涧', 4),
(3159, 373, '巍山', 4),
(3160, 374, '潞西市', 4),
(3161, 374, '瑞丽市', 4),
(3162, 374, '梁河县', 4),
(3163, 374, '盈江县', 4),
(3164, 374, '陇川县', 4),
(3165, 375, '香格里拉县', 4),
(3166, 375, '德钦县', 4),
(3167, 375, '维西', 4),
(3168, 376, '泸西县', 4),
(3169, 376, '蒙自县', 4),
(3170, 376, '个旧市', 4),
(3171, 376, '开远市', 4),
(3172, 376, '绿春县', 4),
(3173, 376, '建水县', 4),
(3174, 376, '石屏县', 4),
(3175, 376, '弥勒县', 4),
(3176, 376, '元阳县', 4),
(3177, 376, '红河县', 4),
(3178, 376, '金平', 4),
(3179, 376, '河口', 4),
(3180, 376, '屏边', 4),
(3181, 377, '临翔区', 4),
(3182, 377, '凤庆县', 4),
(3183, 377, '云县', 4),
(3184, 377, '永德县', 4),
(3185, 377, '镇康县', 4),
(3186, 377, '双江', 4),
(3187, 377, '耿马', 4),
(3188, 377, '沧源', 4),
(3189, 378, '麒麟区', 4),
(3190, 378, '宣威市', 4),
(3191, 378, '马龙县', 4),
(3192, 378, '陆良县', 4),
(3193, 378, '师宗县', 4),
(3194, 378, '罗平县', 4),
(3195, 378, '富源县', 4),
(3196, 378, '会泽县', 4),
(3197, 378, '沾益县', 4),
(3198, 379, '文山县', 4),
(3199, 379, '砚山县', 4),
(3200, 379, '西畴县', 4),
(3201, 379, '麻栗坡县', 4),
(3202, 379, '马关县', 4),
(3203, 379, '丘北县', 4),
(3204, 379, '广南县', 4),
(3205, 379, '富宁县', 4),
(3206, 380, '景洪市', 4),
(3207, 380, '勐海县', 4),
(3208, 380, '勐腊县', 4),
(3209, 381, '红塔区', 4),
(3210, 381, '江川县', 4),
(3211, 381, '澄江县', 4),
(3212, 381, '通海县', 4),
(3213, 381, '华宁县', 4),
(3214, 381, '易门县', 4),
(3215, 381, '峨山', 4),
(3216, 381, '新平', 4),
(3217, 381, '元江', 4),
(3218, 382, '昭阳区', 4),
(3219, 382, '鲁甸县', 4),
(3220, 382, '巧家县', 4),
(3221, 382, '盐津县', 4),
(3222, 382, '大关县', 4),
(3223, 382, '永善县', 4),
(3224, 382, '绥江县', 4),
(3225, 382, '镇雄县', 4),
(3226, 382, '彝良县', 4),
(3227, 382, '威信县', 4),
(3228, 382, '水富县', 4),
(3229, 383, '西湖区', 4),
(3230, 383, '上城区', 4),
(3231, 383, '下城区', 4),
(3232, 383, '拱墅区', 4),
(3233, 383, '滨江区', 4),
(3234, 383, '江干区', 4),
(3235, 383, '萧山区', 4),
(3236, 383, '余杭区', 4),
(3237, 383, '市郊', 4),
(3238, 383, '建德市', 4),
(3239, 383, '富阳市', 4),
(3240, 383, '临安市', 4),
(3241, 383, '桐庐县', 4),
(3242, 383, '淳安县', 4),
(3243, 384, '吴兴区', 4),
(3244, 384, '南浔区', 4),
(3245, 384, '德清县', 4),
(3246, 384, '长兴县', 4),
(3247, 384, '安吉县', 4),
(3248, 385, '南湖区', 4),
(3249, 385, '秀洲区', 4),
(3250, 385, '海宁市', 4),
(3251, 385, '嘉善县', 4),
(3252, 385, '平湖市', 4),
(3253, 385, '桐乡市', 4),
(3254, 385, '海盐县', 4),
(3255, 386, '婺城区', 4),
(3256, 386, '金东区', 4),
(3257, 386, '兰溪市', 4),
(3258, 386, '市区', 4),
(3259, 386, '佛堂镇', 4),
(3260, 386, '上溪镇', 4),
(3261, 386, '义亭镇', 4),
(3262, 386, '大陈镇', 4),
(3263, 386, '苏溪镇', 4),
(3264, 386, '赤岸镇', 4),
(3265, 386, '东阳市', 4),
(3266, 386, '永康市', 4),
(3267, 386, '武义县', 4),
(3268, 386, '浦江县', 4),
(3269, 386, '磐安县', 4),
(3270, 387, '莲都区', 4),
(3271, 387, '龙泉市', 4),
(3272, 387, '青田县', 4),
(3273, 387, '缙云县', 4),
(3274, 387, '遂昌县', 4),
(3275, 387, '松阳县', 4),
(3276, 387, '云和县', 4),
(3277, 387, '庆元县', 4),
(3278, 387, '景宁', 4),
(3279, 388, '海曙区', 4),
(3280, 388, '江东区', 4),
(3281, 388, '江北区', 4),
(3282, 388, '镇海区', 4),
(3283, 388, '北仑区', 4),
(3284, 388, '鄞州区', 4),
(3285, 388, '余姚市', 4),
(3286, 388, '慈溪市', 4),
(3287, 388, '奉化市', 4),
(3288, 388, '象山县', 4),
(3289, 388, '宁海县', 4),
(3290, 389, '越城区', 4),
(3291, 389, '上虞市', 4),
(3292, 389, '嵊州市', 4),
(3293, 389, '绍兴县', 4),
(3294, 389, '新昌县', 4),
(3295, 389, '诸暨市', 4),
(3296, 390, '椒江区', 4),
(3297, 390, '黄岩区', 4),
(3298, 390, '路桥区', 4),
(3299, 390, '温岭市', 4),
(3300, 390, '临海市', 4),
(3301, 390, '玉环县', 4),
(3302, 390, '三门县', 4),
(3303, 390, '天台县', 4),
(3304, 390, '仙居县', 4),
(3305, 391, '鹿城区', 4),
(3306, 391, '龙湾区', 4),
(3307, 391, '瓯海区', 4),
(3308, 391, '瑞安市', 4),
(3309, 391, '乐清市', 4),
(3310, 391, '洞头县', 4),
(3311, 391, '永嘉县', 4),
(3312, 391, '平阳县', 4),
(3313, 391, '苍南县', 4),
(3314, 391, '文成县', 4),
(3315, 391, '泰顺县', 4),
(3316, 392, '定海区', 4),
(3317, 392, '普陀区', 4),
(3318, 392, '岱山县', 4),
(3319, 392, '嵊泗县', 4),
(3320, 393, '衢州市', 4),
(3321, 393, '江山市', 4),
(3322, 393, '常山县', 4),
(3323, 393, '开化县', 4),
(3324, 393, '龙游县', 4),
(3325, 394, '合川区', 4),
(3326, 394, '江津区', 4),
(3327, 394, '南川区', 4),
(3328, 394, '永川区', 4),
(3329, 394, '南岸区', 4),
(3330, 394, '渝北区', 4),
(3331, 394, '万盛区', 4),
(3332, 394, '大渡口区', 4),
(3333, 394, '万州区', 4),
(3334, 394, '北碚区', 4),
(3335, 394, '沙坪坝区', 4),
(3336, 394, '巴南区', 4),
(3337, 394, '涪陵区', 4),
(3338, 394, '江北区', 4),
(3339, 394, '九龙坡区', 4),
(3340, 394, '渝中区', 4),
(3341, 394, '黔江开发区', 4),
(3342, 394, '长寿区', 4),
(3343, 394, '双桥区', 4),
(3344, 394, '綦江县', 4),
(3345, 394, '潼南县', 4),
(3346, 394, '铜梁县', 4),
(3347, 394, '大足县', 4),
(3348, 394, '荣昌县', 4),
(3349, 394, '璧山县', 4),
(3350, 394, '垫江县', 4),
(3351, 394, '武隆县', 4),
(3352, 394, '丰都县', 4),
(3353, 394, '城口县', 4),
(3354, 394, '梁平县', 4),
(3355, 394, '开县', 4),
(3356, 394, '巫溪县', 4),
(3357, 394, '巫山县', 4),
(3358, 394, '奉节县', 4),
(3359, 394, '云阳县', 4),
(3360, 394, '忠县', 4),
(3361, 394, '石柱', 4),
(3362, 394, '彭水', 4),
(3363, 394, '酉阳', 4),
(3364, 394, '秀山', 4),
(3365, 395, '沙田区', 4),
(3366, 395, '东区', 4),
(3367, 395, '观塘区', 4),
(3368, 395, '黄大仙区', 4),
(3369, 395, '九龙城区', 4),
(3370, 395, '屯门区', 4),
(3371, 395, '葵青区', 4),
(3372, 395, '元朗区', 4),
(3373, 395, '深水埗区', 4),
(3374, 395, '西贡区', 4),
(3375, 395, '大埔区', 4),
(3376, 395, '湾仔区', 4),
(3377, 395, '油尖旺区', 4),
(3378, 395, '北区', 4),
(3379, 395, '南区', 4),
(3380, 395, '荃湾区', 4),
(3381, 395, '中西区', 4),
(3382, 395, '离岛区', 4),
(3383, 396, '澳门', 4),
(3384, 397, '台北', 4),
(3385, 397, '高雄', 4),
(3386, 397, '基隆', 4),
(3387, 397, '台中', 4),
(3388, 397, '台南', 4),
(3389, 397, '新竹', 4),
(3390, 397, '嘉义', 4),
(3391, 397, '宜兰县', 4),
(3392, 397, '桃园县', 4),
(3393, 397, '苗栗县', 4),
(3394, 397, '彰化县', 4),
(3395, 397, '南投县', 4),
(3396, 397, '云林县', 4),
(3397, 397, '屏东县', 4),
(3398, 397, '台东县', 4),
(3399, 397, '花莲县', 4),
(3400, 397, '澎湖县', 4),
(1, 0, '中国', 1);

-- --------------------------------------------------------

--
-- 表的结构 `tg_ecv`
--

CREATE TABLE IF NOT EXISTS `tg_ecv` (
  `id` int(11) NOT NULL AUTO_INCREMENT,
  `sn` varchar(255) NOT NULL,
  `password` varchar(255) NOT NULL,
  `use_limit` int(11) NOT NULL,
  `use_count` int(11) NOT NULL,
  `user_id` int(11) NOT NULL,
  `begin_time` int(11) NOT NULL,
  `end_time` int(11) NOT NULL,
  `money` double(20,4) NOT NULL,
  `ecv_type_id` int(11) NOT NULL,
  PRIMARY KEY (`id`),
  UNIQUE KEY `unk_sn` (`sn`)
) ENGINE=MyISAM  DEFAULT CHARSET=utf8 AUTO_INCREMENT=102 ;

--
-- 转存表中的数据 `tg_ecv`
--

INSERT INTO `tg_ecv` (`id`, `sn`, `password`, `use_limit`, `use_count`, `user_id`, `begin_time`, `end_time`, `money`, `ecv_type_id`) VALUES
(1, '4cddf32f46adf', '50789489', 1, 0, 0, 0, 0, 10.0000, 2),
(2, '4cddf32f49711', '64492187', 1, 0, 0, 0, 0, 10.0000, 2),
(3, '4cddf32f4b9ee', '43554992', 1, 0, 0, 0, 0, 10.0000, 2),
(4, '4cddf32f4dcf8', '77494506', 1, 0, 0, 0, 0, 10.0000, 2),
(5, '4cddf32f50341', '91120300', 1, 0, 0, 0, 0, 10.0000, 2),
(6, '4cddf32f526cd', '56175537', 1, 0, 0, 0, 0, 10.0000, 2),
(7, '4cddf32f544c8', '20165100', 1, 0, 0, 0, 0, 10.0000, 2),
(8, '4cddf32f567c4', '98621215', 1, 0, 0, 0, 0, 10.0000, 2),
(9, '4cddf32f58502', '82056579', 1, 0, 0, 0, 0, 10.0000, 2),
(10, '4cddf32f5a336', '63854980', 1, 0, 0, 0, 0, 10.0000, 2),
(11, '4cddf32f5c18d', '30349426', 1, 0, 0, 0, 0, 10.0000, 2),
(12, '4cddf32f5e384', '89337768', 1, 0, 0, 0, 0, 10.0000, 2),
(13, '4cddf32f60606', '88285827', 1, 0, 0, 0, 0, 10.0000, 2),
(14, '4cddf32f6299e', '28468017', 1, 0, 0, 0, 0, 10.0000, 2),
(15, '4cddf32f64b5a', '26295471', 1, 0, 0, 0, 0, 10.0000, 2),
(16, '4cddf32f66e4a', '58081665', 1, 0, 0, 0, 0, 10.0000, 2),
(17, '4cddf32f68ff9', '39495544', 1, 0, 0, 0, 0, 10.0000, 2),
(18, '4cddf32f6b361', '25952148', 1, 0, 0, 0, 0, 10.0000, 2),
(19, '4cddf32f6d868', '95190734', 1, 0, 0, 0, 0, 10.0000, 2),
(20, '4cddf32f6fba1', '58290405', 1, 0, 0, 0, 0, 10.0000, 2),
(21, '4cddf32f71d82', '90373229', 1, 0, 0, 0, 0, 10.0000, 2),
(22, '4cddf32f73ec9', '87244873', 1, 0, 0, 0, 0, 10.0000, 2),
(23, '4cddf32f76118', '99222717', 1, 0, 0, 0, 0, 10.0000, 2),
(24, '4cddf32f78288', '98401489', 1, 0, 0, 0, 0, 10.0000, 2),
(25, '4cddf32f7a421', '80606384', 1, 0, 0, 0, 0, 10.0000, 2),
(26, '4cddf32f7c5d1', '18283691', 1, 0, 0, 0, 0, 10.0000, 2),
(27, '4cddf32f7e7e4', '35578918', 1, 0, 0, 0, 0, 10.0000, 2),
(28, '4cddf32f80884', '51852416', 1, 0, 0, 0, 0, 10.0000, 2),
(29, '4cddf32f82961', '74882507', 1, 0, 0, 0, 0, 10.0000, 2),
(30, '4cddf32f84b4c', '30006103', 1, 0, 0, 0, 0, 10.0000, 2),
(31, '4cddf32f86d0f', '36446838', 1, 0, 0, 0, 0, 10.0000, 2),
(32, '4cddf32f88de9', '17080688', 1, 0, 0, 0, 0, 10.0000, 2),
(33, '4cddf32f8af0c', '92889099', 1, 0, 0, 0, 0, 10.0000, 2),
(34, '4cddf32f8cfbe', '18349609', 1, 0, 0, 0, 0, 10.0000, 2),
(35, '4cddf32f8ee0d', '99013977', 1, 0, 0, 0, 0, 10.0000, 2),
(36, '4cddf32f90a8e', '47523803', 1, 0, 0, 0, 0, 10.0000, 2),
(37, '4cddf32f9284c', '19313659', 1, 0, 0, 0, 0, 10.0000, 2),
(38, '4cddf32f947af', '14251708', 1, 0, 0, 0, 0, 10.0000, 2),
(39, '4cddf32f96641', '85467834', 1, 0, 0, 0, 0, 10.0000, 2),
(40, '4cddf32f98551', '61619262', 1, 0, 0, 0, 0, 10.0000, 2),
(41, '4cddf32f9a3ad', '53843688', 1, 0, 0, 0, 0, 10.0000, 2),
(42, '4cddf32f9c820', '93649902', 1, 0, 0, 0, 0, 10.0000, 2),
(43, '4cddf32f9e70a', '82995910', 1, 0, 0, 0, 0, 10.0000, 2),
(44, '4cddf32fa0489', '22804565', 1, 0, 0, 0, 0, 10.0000, 2),
(45, '4cddf32fa242a', '81166687', 1, 0, 0, 0, 0, 10.0000, 2),
(46, '4cddf32fa42f5', '17481689', 1, 0, 0, 0, 0, 10.0000, 2),
(47, '4cddf32fa63b2', '43785705', 1, 0, 0, 0, 0, 10.0000, 2),
(48, '4cddf32fa8485', '29517211', 1, 0, 0, 0, 0, 10.0000, 2),
(49, '4cddf32faa7d8', '30970153', 1, 0, 0, 0, 0, 10.0000, 2),
(50, '4cddf32faca40', '41684570', 1, 0, 0, 0, 0, 10.0000, 2),
(51, '4cddf32faeb01', '55024719', 1, 0, 0, 0, 0, 10.0000, 2),
(52, '4cddf32fb0b94', '45194702', 1, 0, 0, 0, 0, 10.0000, 2),
(53, '4cddf32fb2e0e', '57941589', 1, 0, 0, 0, 0, 10.0000, 2),
(54, '4cddf32fb50fa', '17196044', 1, 0, 0, 0, 0, 10.0000, 2),
(55, '4cddf32fb712e', '68900451', 1, 0, 0, 0, 0, 10.0000, 2),
(56, '4cddf32fb91f3', '78274536', 1, 0, 0, 0, 0, 10.0000, 2),
(57, '4cddf32fbb39d', '91768493', 1, 0, 0, 0, 0, 10.0000, 2),
(58, '4cddf32fbd472', '19953613', 1, 0, 0, 0, 0, 10.0000, 2),
(59, '4cddf32fbf0f3', '82600402', 1, 0, 0, 0, 0, 10.0000, 2),
(60, '4cddf32fc0f91', '92194213', 1, 0, 0, 0, 0, 10.0000, 2),
(61, '4cddf32fc2e86', '17138366', 1, 0, 0, 0, 0, 10.0000, 2),
(62, '4cddf32fc4da8', '80894775', 1, 0, 0, 0, 0, 10.0000, 2),
(63, '4cddf32fc6a80', '48312072', 1, 0, 0, 0, 0, 10.0000, 2),
(64, '4cddf32fc86ca', '95391235', 1, 0, 0, 0, 0, 10.0000, 2),
(65, '4cddf32fca915', '33738708', 1, 0, 0, 0, 0, 10.0000, 2),
(66, '4cddf32fcc73e', '95957031', 1, 0, 0, 0, 0, 10.0000, 2),
(67, '4cddf32fce6c7', '53222961', 1, 0, 0, 0, 0, 10.0000, 2),
(68, '4cddf32fd06b9', '51303100', 1, 0, 0, 0, 0, 10.0000, 2),
(69, '4cddf32fd25b4', '26257019', 1, 0, 0, 0, 0, 10.0000, 2),
(70, '4cddf32fd4372', '96077880', 1, 0, 0, 0, 0, 10.0000, 2),
(71, '4cddf32fd7491', '49520568', 1, 0, 0, 0, 0, 10.0000, 2),
(72, '4cddf32fd970c', '58367309', 1, 0, 0, 0, 0, 10.0000, 2),
(73, '4cddf32fdb83f', '14380798', 1, 0, 0, 0, 0, 10.0000, 2),
(74, '4cddf32fdd8d4', '67194824', 1, 0, 0, 0, 0, 10.0000, 2),
(75, '4cddf32fdf96d', '34392395', 1, 0, 0, 0, 0, 10.0000, 2),
(76, '4cddf32fe1c9a', '80021362', 1, 0, 0, 0, 0, 10.0000, 2),
(77, '4cddf32fe3dc1', '62797546', 1, 0, 0, 0, 0, 10.0000, 2),
(78, '4cddf32fe5e72', '40245361', 1, 0, 0, 0, 0, 10.0000, 2),
(79, '4cddf32fe7ec2', '50025939', 1, 0, 0, 0, 0, 10.0000, 2),
(80, '4cddf32fea1dd', '34702758', 1, 0, 0, 0, 0, 10.0000, 2),
(81, '4cddf32fec280', '11194763', 1, 0, 0, 0, 0, 10.0000, 2),
(82, '4cddf32fee1fe', '91166992', 1, 0, 0, 0, 0, 10.0000, 2),
(83, '4cddf32ff01c2', '93608703', 1, 0, 0, 0, 0, 10.0000, 2),
(84, '4cddf32ff222e', '65848999', 1, 0, 0, 0, 0, 10.0000, 2),
(85, '4cddf32ff3f5e', '14259948', 1, 0, 0, 0, 0, 10.0000, 2),
(86, '4cddf3300194d', '70897216', 1, 0, 0, 0, 0, 10.0000, 2),
(87, '4cddf33003662', '27328186', 1, 0, 0, 0, 0, 10.0000, 2),
(88, '4cddf33005794', '91897583', 1, 0, 0, 0, 0, 10.0000, 2),
(89, '4cddf33007455', '91680603', 1, 0, 0, 0, 0, 10.0000, 2),
(90, '4cddf33009301', '55373535', 1, 0, 0, 0, 0, 10.0000, 2),
(91, '4cddf3300af62', '28371887', 1, 0, 0, 0, 0, 10.0000, 2),
(92, '4cddf3300d081', '76286010', 1, 0, 0, 0, 0, 10.0000, 2),
(93, '4cddf3300ed0a', '38144226', 1, 0, 0, 0, 0, 10.0000, 2),
(94, '4cddf330109cd', '75533447', 1, 0, 0, 0, 0, 10.0000, 2),
(95, '4cddf330128cb', '48927307', 1, 0, 0, 0, 0, 10.0000, 2),
(96, '4cddf33014b83', '27451782', 1, 0, 0, 0, 0, 10.0000, 2),
(97, '4cddf33016c44', '53338317', 1, 0, 0, 0, 0, 10.0000, 2),
(98, '4cddf33018f2c', '27314453', 1, 0, 0, 0, 0, 10.0000, 2),
(99, '4cddf3301b007', '86181945', 1, 0, 0, 0, 0, 10.0000, 2),
(100, '4cddf3301d165', '88832397', 1, 0, 0, 0, 0, 10.0000, 2),
(101, '4cddfd2d9759f', '81119995', 1, 0, 1, 1396554840, 1398801249, 10.0000, 1);

-- --------------------------------------------------------

--
-- 表的结构 `tg_ecv_type`
--

CREATE TABLE IF NOT EXISTS `tg_ecv_type` (
  `id` int(11) NOT NULL AUTO_INCREMENT,
  `name` varchar(255) NOT NULL,
  `money` double(20,4) NOT NULL,
  `use_limit` int(11) NOT NULL,
  `begin_time` int(11) NOT NULL,
  `end_time` int(11) NOT NULL,
  `gen_count` int(11) NOT NULL,
  `send_type` tinyint(1) NOT NULL,
  `exchange_score` int(11) NOT NULL,
  `exchange_limit` int(11) NOT NULL,
  PRIMARY KEY (`id`)
) ENGINE=MyISAM  DEFAULT CHARSET=utf8 AUTO_INCREMENT=3 ;

--
-- 转存表中的数据 `tg_ecv_type`
--

INSERT INTO `tg_ecv_type` (`id`, `name`, `money`, `use_limit`, `begin_time`, `end_time`, `gen_count`, `send_type`, `exchange_score`, `exchange_limit`) VALUES
(1, '10元代金券', 10.0000, 1, 1396554840, 1398801249, 1, 1, -100, 1),
(2, '10元代金管理员发放', 10.0000, 1, 0, 0, 100, 0, 0, 0);

-- --------------------------------------------------------

--
-- 表的结构 `tg_express`
--

CREATE TABLE IF NOT EXISTS `tg_express` (
  `id` int(11) NOT NULL AUTO_INCREMENT,
  `class_name` varchar(255) NOT NULL,
  `name` varchar(255) NOT NULL,
  `print_tmpl` text NOT NULL,
  `is_effect` tinyint(1) NOT NULL,
  `config` text NOT NULL,
  PRIMARY KEY (`id`)
) ENGINE=MyISAM DEFAULT CHARSET=utf8 AUTO_INCREMENT=1 ;

-- --------------------------------------------------------

--
-- 表的结构 `tg_free_delivery`
--

CREATE TABLE IF NOT EXISTS `tg_free_delivery` (
  `id` int(11) NOT NULL AUTO_INCREMENT,
  `delivery_id` int(11) NOT NULL,
  `deal_id` int(11) NOT NULL,
  `free_count` int(11) NOT NULL COMMENT '免运费的件数',
  PRIMARY KEY (`id`)
) ENGINE=MyISAM  DEFAULT CHARSET=utf8 AUTO_INCREMENT=20 ;

-- --------------------------------------------------------

--
-- 表的结构 `tg_goods_type`
--

CREATE TABLE IF NOT EXISTS `tg_goods_type` (
  `id` int(11) NOT NULL AUTO_INCREMENT,
  `name` varchar(255) NOT NULL,
  PRIMARY KEY (`id`)
) ENGINE=MyISAM  DEFAULT CHARSET=utf8 AUTO_INCREMENT=4 ;

--
-- 转存表中的数据 `tg_goods_type`
--

INSERT INTO `tg_goods_type` (`id`, `name`) VALUES
(3, '服务承诺');

-- --------------------------------------------------------

--
-- 表的结构 `tg_goods_type_attr`
--

CREATE TABLE IF NOT EXISTS `tg_goods_type_attr` (
  `id` int(11) NOT NULL AUTO_INCREMENT,
  `name` varchar(255) NOT NULL,
  `input_type` tinyint(1) NOT NULL,
  `preset_value` text NOT NULL,
  `goods_type_id` int(11) NOT NULL,
  PRIMARY KEY (`id`)
) ENGINE=MyISAM  DEFAULT CHARSET=utf8 AUTO_INCREMENT=5 ;

--
-- 转存表中的数据 `tg_goods_type_attr`
--

INSERT INTO `tg_goods_type_attr` (`id`, `name`, `input_type`, `preset_value`, `goods_type_id`) VALUES
(4, '服务承诺', 1, '真实评价,随时退', 3);

-- --------------------------------------------------------

--
-- 表的结构 `tg_link`
--

CREATE TABLE IF NOT EXISTS `tg_link` (
  `id` int(11) NOT NULL AUTO_INCREMENT,
  `name` varchar(255) NOT NULL,
  `group_id` int(11) NOT NULL,
  `url` varchar(255) NOT NULL,
  `is_effect` tinyint(1) NOT NULL,
  `sort` int(11) NOT NULL,
  `img` varchar(255) NOT NULL,
  `description` text NOT NULL,
  `count` int(11) NOT NULL,
  `show_index` tinyint(1) NOT NULL,
  PRIMARY KEY (`id`)
) ENGINE=MyISAM  DEFAULT CHARSET=utf8 AUTO_INCREMENT=8 ;

-- --------------------------------------------------------

--
-- 表的结构 `tg_link_group`
--

CREATE TABLE IF NOT EXISTS `tg_link_group` (
  `id` int(11) NOT NULL AUTO_INCREMENT,
  `name` varchar(255) NOT NULL COMMENT '友情链接分组名称',
  `sort` tinyint(1) NOT NULL,
  `is_effect` tinyint(1) NOT NULL,
  PRIMARY KEY (`id`)
) ENGINE=MyISAM  DEFAULT CHARSET=utf8 AUTO_INCREMENT=8 ;

--
-- 转存表中的数据 `tg_link_group`
--

INSERT INTO `tg_link_group` (`id`, `name`, `sort`, `is_effect`) VALUES
(6, '友情链接', 2, 1),
(7, '旗下品牌', 1, 1);

-- --------------------------------------------------------

--
-- 表的结构 `tg_log`
--

CREATE TABLE IF NOT EXISTS `tg_log` (
  `id` int(11) NOT NULL AUTO_INCREMENT,
  `log_info` text NOT NULL,
  `log_time` int(11) NOT NULL,
  `log_admin` int(11) NOT NULL,
  `log_ip` varchar(255) NOT NULL,
  `log_status` tinyint(1) NOT NULL,
  `module` varchar(255) NOT NULL,
  `action` varchar(255) NOT NULL,
  PRIMARY KEY (`id`)
) ENGINE=MyISAM  DEFAULT CHARSET=utf8 AUTO_INCREMENT=1554 ;

--
-- 转存表中的数据 `tg_log`
--

INSERT INTO `tg_log` (`id`, `log_info`, `log_time`, `log_admin`, `log_ip`, `log_status`, `module`, `action`) VALUES
(713, '更新系统配置', 1312304956, 7, '127.0.0.1', 1, 'Conf', 'update'),
(714, 'admin登录成功', 1396226175, 1, '116.249.5.131', 1, 'Public', 'do_login'),
(715, '更新系统配置', 1396226355, 1, '116.249.5.132', 1, 'Conf', 'update'),
(716, '更新系统配置', 1396226478, 1, '116.249.5.132', 1, 'Conf', 'update'),
(717, '福建更新成功', 1396226591, 1, '116.249.5.131', 1, 'DealCity', 'update'),
(718, '云南更新成功', 1396226603, 1, '116.249.5.131', 1, 'DealCity', 'update'),
(719, '福州更新成功', 1396226634, 1, '116.249.5.131', 1, 'DealCity', 'update'),
(720, '昆明更新成功', 1396226658, 1, '116.249.5.133', 1, 'DealCity', 'update'),
(721, '三明更新成功', 1396226683, 1, '116.249.5.134', 1, 'DealCity', 'update'),
(722, '易想团购更新成功', 1396226925, 1, '116.249.5.136', 1, 'Link', 'update'),
(723, '云南眼人才网更新成功', 1396226940, 1, '116.249.5.132', 1, 'Link', 'update'),
(724, '更新系统配置', 1396227024, 1, '116.249.5.131', 1, 'Conf', 'update'),
(725, '更新系统配置', 1396227041, 1, '116.249.5.137', 1, 'Conf', 'update'),
(726, '更新系统配置', 1396227072, 1, '116.249.5.131', 1, 'Conf', 'update'),
(727, '昆明更新成功', 1396227110, 1, '116.249.5.133', 1, 'DealCity', 'update'),
(728, '呈贡区添加成功', 1396227453, 1, '116.249.5.131', 1, 'DealCity', 'insert'),
(729, '五华区添加成功', 1396227472, 1, '116.249.5.136', 1, 'DealCity', 'insert'),
(730, '官渡区添加成功', 1396227484, 1, '116.249.5.131', 1, 'DealCity', 'insert'),
(731, '西山区添加成功', 1396227500, 1, '116.249.5.131', 1, 'DealCity', 'insert'),
(732, '盘龙区添加成功', 1396227519, 1, '116.249.5.131', 1, 'DealCity', 'insert'),
(733, '呈贡区删除成功', 1396227562, 1, '116.249.5.131', 1, 'DealCity', 'delete'),
(734, '五华区删除成功', 1396227565, 1, '116.249.5.132', 1, 'DealCity', 'delete'),
(735, '官渡区删除成功', 1396227569, 1, '116.249.5.132', 1, 'DealCity', 'delete'),
(736, '西山区删除成功', 1396227571, 1, '116.249.5.134', 1, 'DealCity', 'delete'),
(737, '盘龙区删除成功', 1396227574, 1, '116.249.5.136', 1, 'DealCity', 'delete'),
(738, '更新成功', 1396227595, 1, '116.249.5.131', 1, 'DealCityArea', 'update'),
(739, '更新成功', 1396227621, 1, '116.249.5.131', 1, 'DealCityArea', 'update'),
(740, '更新成功', 1396227649, 1, '116.249.5.139', 1, 'DealCityArea', 'update'),
(741, '更新成功', 1396227686, 1, '116.249.5.134', 1, 'DealCityArea', 'update'),
(742, '盘龙区添加成功', 1396227767, 1, '116.249.5.137', 1, 'DealCityArea', 'insert'),
(743, '官渡区添加成功', 1396227795, 1, '116.249.5.132', 1, 'DealCityArea', 'insert'),
(744, '西山区添加成功', 1396227814, 1, '116.249.5.131', 1, 'DealCityArea', 'insert'),
(745, '更新成功', 1396227841, 1, '116.249.5.133', 1, 'DealCityArea', 'update'),
(746, '更新成功', 1396227849, 1, '116.249.5.135', 1, 'DealCityArea', 'update'),
(747, '更新成功', 1396227871, 1, '116.249.5.135', 1, 'DealCityArea', 'update'),
(748, '更新成功', 1396227894, 1, '116.249.5.131', 1, 'DealCityArea', 'update'),
(749, '昆明设为默认城市', 1396228324, 1, '116.249.5.136', 1, 'DealCity', 'set_default'),
(750, '更新成功', 1396228438, 1, '116.249.5.131', 1, 'DealCate', 'update'),
(751, '美食添加成功', 1396228532, 1, '116.249.5.135', 1, 'DealCate', 'insert'),
(752, '娱乐添加成功', 1396228548, 1, '116.249.5.131', 1, 'DealCate', 'insert'),
(753, '更新系统配置', 1396231201, 1, '116.249.5.136', 1, 'Conf', 'update'),
(754, '更新系统配置', 1396231269, 1, '116.249.5.131', 1, 'Conf', 'update'),
(755, '更新系统配置', 1396231358, 1, '116.249.5.132', 1, 'Conf', 'update'),
(756, '更新系统配置', 1396231431, 1, '116.249.5.132', 1, 'Conf', 'update'),
(757, '更新系统配置', 1396232287, 1, '116.249.5.131', 1, 'Conf', 'update'),
(758, '更新系统配置', 1396232368, 1, '116.249.5.135', 1, 'Conf', 'update'),
(759, '更新系统配置', 1396232378, 1, '116.249.5.136', 1, 'Conf', 'update'),
(760, '更新系统配置', 1396232562, 1, '116.249.5.133', 1, 'Conf', 'update'),
(761, '更新系统配置', 1396232767, 1, '116.249.5.137', 1, 'Conf', 'update'),
(762, '更新系统配置', 1396232969, 1, '116.249.5.131', 1, 'Conf', 'update'),
(763, '更新系统配置', 1396233086, 1, '116.249.5.133', 1, 'Conf', 'update'),
(764, '更新系统配置', 1396233276, 1, '116.249.5.134', 1, 'Conf', 'update'),
(765, 'QQ登录插件安装成功', 1396235511, 1, '116.249.5.131', 1, 'ApiLogin', 'insert'),
(766, '玩转易想更新成功', 1396236481, 1, '116.249.5.135', 1, 'Article', 'update'),
(767, '团购系统更新成功', 1396237019, 1, '116.249.5.135', 1, 'GoodsType', 'update'),
(768, '玩转易想更新成功', 1396237061, 1, '116.249.5.139', 1, 'Nav', 'update'),
(769, '昆明论坛添加成功', 1396237276, 1, '116.249.5.132', 1, 'Nav', 'insert'),
(770, '更新系统配置', 1396237923, 1, '116.249.5.132', 1, 'Conf', 'update'),
(771, '更新系统配置', 1396238026, 1, '116.249.5.137', 1, 'Conf', 'update'),
(772, '更新系统配置', 1396238072, 1, '116.249.5.135', 1, 'Conf', 'update'),
(773, '更新系统配置', 1396238456, 1, '116.249.5.135', 1, 'Conf', 'update'),
(774, '更新系统配置', 1396238457, 1, '116.249.5.135', 1, 'Conf', 'update'),
(775, '昆明论坛更新成功', 1396238682, 1, '116.249.5.135', 1, 'Nav', 'update'),
(776, '更新系统配置', 1396239034, 1, '116.249.5.135', 1, 'Conf', 'update'),
(777, '更新系统配置', 1396239114, 1, '116.249.5.133', 1, 'Conf', 'update'),
(778, '更新系统配置', 1396239118, 1, '116.249.5.137', 1, 'Conf', 'update'),
(779, '昆明更新成功', 1396239352, 1, '116.249.5.132', 1, 'DealCity', 'update'),
(780, '昆明更新成功', 1396239376, 1, '116.249.5.132', 1, 'DealCity', 'update'),
(781, 'QQ登录插件更新成功', 1396239457, 1, '116.249.5.131', 1, 'ApiLogin', 'update'),
(782, 'QQ登录插件更新成功', 1396239461, 1, '116.249.5.131', 1, 'ApiLogin', 'update'),
(783, 'QQ登录插件更新成功', 1396239463, 1, '116.249.5.135', 1, 'ApiLogin', 'update'),
(784, 'admin登录成功', 1396241804, 1, '60.181.44.89', 1, 'Public', 'do_login'),
(785, 'UCenter保存成功', 1396242278, 1, '60.181.44.89', 1, 'Integrate', 'save'),
(786, '更新系统配置', 1396242676, 1, '60.181.44.89', 1, 'Conf', 'update'),
(787, '更新系统配置', 1396242943, 1, '60.181.44.89', 1, 'Conf', 'update'),
(788, 'Qq卸载成功', 1396242991, 1, '116.249.5.133', 1, 'ApiLogin', 'uninstall'),
(789, 'QQ登录插件安装成功', 1396243023, 1, '116.249.5.135', 1, 'ApiLogin', 'insert'),
(790, 'smtp.qq.com添加成功', 1396243331, 1, '116.249.5.132', 1, 'MailServer', 'insert'),
(791, '更新系统配置', 1396243457, 1, '60.181.44.89', 1, 'Conf', 'update'),
(792, '讨论区更新成功', 1396243901, 1, '116.249.5.137', 1, 'Nav', 'update'),
(793, '云南眼添加成功', 1396244378, 1, '116.249.5.132', 1, 'Supplier', 'insert'),
(794, '易想售光的团购测试更新成功', 1396244568, 1, '116.249.5.132', 1, 'Deal', 'update'),
(795, '云南眼168个主题即可兑换格林盈璐家用吸入式灭蚊神器 无毒无污染一台更新成功', 1396244586, 1, '116.249.5.132', 1, 'Deal', 'update'),
(796, '云南眼168个主题即可兑换格林盈璐家用吸入式灭蚊神器 无毒无污染一台更新成功', 1396244598, 1, '116.249.5.133', 1, 'Deal', 'update'),
(797, '易想团购积分兑换删除成功', 1396244682, 1, '116.249.5.135', 1, 'Deal', 'delete'),
(798, '昆明论坛彻底删除成功', 1396244760, 1, '116.249.5.136', 1, 'Nav', 'foreverdelete'),
(799, '旗下品牌添加成功', 1396245036, 1, '116.249.5.136', 1, 'LinkGroup', 'insert'),
(800, '友情链接更新成功', 1396245046, 1, '116.249.5.137', 1, 'LinkGroup', 'update'),
(801, '昆明论坛添加成功', 1396245081, 1, '116.249.5.132', 1, 'Link', 'insert'),
(802, '今日团购更新成功', 1396245258, 1, '116.249.5.133', 1, 'Nav', 'update'),
(803, '团购预告更新成功', 1396246002, 1, '116.249.5.133', 1, 'Nav', 'update'),
(804, '易想团购预告即将上线删除成功', 1396246539, 1, '116.249.5.131', 1, 'Deal', 'delete'),
(805, '易想团购系统V1.0正式上线了删除成功', 1396246543, 1, '116.249.5.133', 1, 'Deal', 'delete'),
(806, '易想往期失败的团购删除成功', 1396246547, 1, '116.249.5.133', 1, 'Deal', 'delete'),
(807, '永久的团购信息，无时间限制，并预设了100的购买人，不发券，只配送更新成功', 1396246585, 1, '116.249.5.133', 1, 'Deal', 'update'),
(808, 'QQ登录插件更新成功', 1396249007, 1, '116.249.5.131', 1, 'ApiLogin', 'update'),
(809, '云南眼更新成功', 1396249129, 1, '116.249.5.134', 1, 'User', 'update'),
(810, '云南眼更新成功', 1396249162, 1, '116.249.5.131', 1, 'User', 'update'),
(811, '云南眼168个主题即可兑换格林盈璐家用吸入式灭蚊神器 无毒无污染一台更新成功', 1396250013, 1, '116.249.5.139', 1, 'Deal', 'update'),
(812, '测试云南眼爱票网产品更新成功', 1396250091, 1, '116.249.5.136', 1, 'Deal', 'update'),
(813, '团购系统删除成功', 1396250239, 1, '116.249.5.132', 1, 'DealCate', 'delete'),
(814, '易想团购系统更新成功', 1396250265, 1, '116.249.5.133', 1, 'Supplier', 'update'),
(815, '云南设为默认城市', 1396250829, 1, '116.249.5.139', 1, 'DealCity', 'set_default'),
(816, '昆明更新成功', 1396250926, 1, '116.249.5.135', 1, 'DealCity', 'update'),
(817, '昆明更新成功', 1396250952, 1, '116.249.5.131', 1, 'DealCity', 'update'),
(818, '昆明设为默认城市', 1396250958, 1, '116.249.5.132', 1, 'DealCity', 'set_default'),
(819, '团购列表更新成功', 1396251322, 1, '116.249.5.132', 1, 'Nav', 'update'),
(820, '更新系统配置', 1396251508, 1, '116.249.5.131', 1, 'Conf', 'update'),
(821, '删除成功', 1396252212, 1, '116.249.5.131', 1, 'File', 'deleteImg'),
(822, '删除成功', 1396252462, 1, '116.249.5.133', 1, 'File', 'deleteImg'),
(823, '昆明滇池西山索道 成人票添加成功', 1396252788, 1, '116.249.5.133', 1, 'Deal', 'insert'),
(824, '昆明滇池西山索道 成人票更新成功', 1396252998, 1, '116.249.5.137', 1, 'Deal', 'update'),
(825, '昆明滇池西山索道 成人票更新成功', 1396253552, 1, '116.249.5.131', 1, 'Deal', 'update'),
(826, '云南眼168个主题即可兑换格林盈璐家用吸入式灭蚊神器 无毒无污染一台更新成功', 1396253592, 1, '116.249.5.132', 1, 'Deal', 'update'),
(827, '昆明滇池西山索道 成人票更新成功', 1396253746, 1, '116.249.5.134', 1, 'Deal', 'update'),
(828, '昆明滇池西山索道 成人票更新成功', 1396253855, 1, '116.249.5.134', 1, 'Deal', 'update'),
(829, '昆明滇池西山索道 成人票更新成功', 1396253994, 1, '116.249.5.131', 1, 'Deal', 'update'),
(830, '昆明滇池西山索道 成人票更新成功', 1396254062, 1, '116.249.5.135', 1, 'Deal', 'update'),
(831, '昆明滇池西山索道 成人票更新成功', 1396254100, 1, '116.249.5.135', 1, 'Deal', 'update'),
(832, '爱票网总部添加成功', 1396254414, 1, '116.249.5.139', 1, 'SupplierLocation', 'insert'),
(833, '爱票网总部更新成功', 1396254508, 1, '116.249.5.131', 1, 'SupplierLocation', 'update'),
(834, '云南眼168个主题即可兑换格林盈璐家用吸入式灭蚊神器 无毒无污染一台更新成功', 1396254560, 1, '116.249.5.133', 1, 'Deal', 'update'),
(835, '昆明滇池西山索道 成人票更新成功', 1396254580, 1, '116.249.5.132', 1, 'Deal', 'update'),
(836, '易想总部更新成功', 1396254785, 1, '116.249.5.139', 1, 'SupplierLocation', 'update'),
(837, '云南眼更新成功', 1396254831, 1, '116.249.5.137', 1, 'SupplierLocation', 'update'),
(838, '易想分部彻底删除成功', 1396254847, 1, '116.249.5.133', 1, 'SupplierLocation', 'foreverdelete'),
(839, '昆明滇池西山索道 成人票更新成功', 1396255195, 1, '116.249.5.131', 1, 'Deal', 'update'),
(840, '测试云南眼爱票网产品删除成功', 1396255235, 1, '116.249.5.134', 1, 'Deal', 'delete'),
(841, '云南眼168个主题即可兑换格林盈璐家用吸入式灭蚊神器 无毒无污染一台更新成功', 1396255305, 1, '116.249.5.133', 1, 'Deal', 'update'),
(842, '丽江添加成功', 1396255444, 1, '116.249.5.131', 1, 'DealCity', 'insert'),
(843, '大理添加成功', 1396255462, 1, '116.249.5.135', 1, 'DealCity', 'insert'),
(844, '版纳添加成功', 1396255485, 1, '116.249.5.131', 1, 'DealCity', 'insert'),
(845, '香格里拉添加成功', 1396255533, 1, '116.249.5.136', 1, 'DealCity', 'insert'),
(846, '云南眼168个主题即可兑换格林盈璐家用吸入式灭蚊神器 无毒无污染一台更新成功', 1396255616, 1, '116.249.5.132', 1, 'Deal', 'update'),
(847, '云南眼168个主题即可兑换格林盈璐家用吸入式灭蚊神器 无毒无污染一台更新成功', 1396255634, 1, '116.249.5.136', 1, 'Deal', 'update'),
(848, '支付宝支付更新成功', 1396257027, 1, '116.249.5.132', 1, 'Payment', 'update'),
(849, '支付宝支付更新成功', 1396257133, 1, '116.249.5.131', 1, 'Payment', 'update'),
(850, '易想配送更新成功', 1396257244, 1, '116.249.5.137', 1, 'Delivery', 'update'),
(851, '中国更新成功', 1396257283, 1, '116.249.5.134', 1, 'DeliveryRegion', 'update'),
(852, '云南省更新成功', 1396257284, 1, '116.249.5.137', 1, 'DeliveryRegion', 'update'),
(853, '云南省更新成功', 1396257326, 1, '116.249.5.139', 1, 'DeliveryRegion', 'update'),
(854, '中国更新成功', 1396257326, 1, '116.249.5.131', 1, 'DeliveryRegion', 'update'),
(855, '云南更新成功', 1396257347, 1, '116.249.5.131', 1, 'DeliveryRegion', 'update'),
(856, '云南更新成功', 1396257475, 1, '116.249.5.131', 1, 'DeliveryRegion', 'update'),
(857, '更新系统配置', 1396257570, 1, '116.249.5.131', 1, 'Conf', 'update'),
(858, '更新系统配置', 1396257606, 1, '116.249.5.135', 1, 'Conf', 'update'),
(859, '讨论区更新成功', 1396257638, 1, '116.249.5.131', 1, 'Nav', 'update'),
(860, '云南眼人才网更新成功', 1396257906, 1, '116.249.5.135', 1, 'Link', 'update'),
(861, '云南新闻添加成功', 1396257938, 1, '116.249.5.132', 1, 'Link', 'insert'),
(862, '呈贡区,五华区,官渡区,西山区,盘龙区彻底删除成功', 1396258843, 1, '116.249.5.137', 1, 'DealCity', 'foreverdelete'),
(863, '香格里拉设为默认城市', 1396258923, 1, '116.249.5.131', 1, 'DealCity', 'set_default'),
(864, '测试测试测试添加成功', 1396259000, 1, '116.249.5.131', 1, 'Deal', 'insert'),
(865, '测试测试测试更新成功', 1396259047, 1, '116.249.5.131', 1, 'Deal', 'update'),
(866, '更新系统配置', 1396259444, 1, '116.249.5.135', 1, 'Conf', 'update'),
(867, '香格里拉更新成功', 1396259572, 1, '116.249.5.137', 1, 'DealCity', 'update'),
(868, '香格里拉更新成功', 1396259604, 1, '116.249.5.134', 1, 'DealCity', 'update'),
(869, '香格里拉更新成功', 1396259996, 1, '116.249.5.133', 1, 'DealCity', 'update'),
(870, '香格里拉更新成功', 1396260034, 1, '116.249.5.137', 1, 'DealCity', 'update'),
(871, '昆明设为默认城市', 1396260042, 1, '116.249.5.132', 1, 'DealCity', 'set_default'),
(872, '版纳更新成功', 1396260072, 1, '116.249.5.131', 1, 'DealCity', 'update'),
(873, '景洪添加成功', 1396260205, 1, '116.249.5.137', 1, 'DealCityArea', 'insert'),
(874, '更新成功', 1396260251, 1, '116.249.5.135', 1, 'DealCityArea', 'update'),
(875, '更新系统配置', 1396260539, 1, '116.249.5.135', 1, 'Conf', 'update'),
(876, '更新系统配置', 1396260558, 1, '116.249.5.131', 1, 'Conf', 'update'),
(877, '更新系统配置', 1396260578, 1, '116.249.5.139', 1, 'Conf', 'update'),
(878, 'admin登录成功', 1396260640, 1, '116.249.5.133', 1, 'Public', 'do_login'),
(879, '更新系统配置', 1396260658, 1, '116.249.5.137', 1, 'Conf', 'update'),
(880, '更新系统配置', 1396260727, 1, '116.249.5.135', 1, 'Conf', 'update'),
(881, '更新系统配置', 1396260803, 1, '116.249.5.135', 1, 'Conf', 'update'),
(882, '更新系统配置', 1396260829, 1, '116.249.5.131', 1, 'Conf', 'update'),
(883, '更新系统配置', 1396260870, 1, '116.249.5.135', 1, 'Conf', 'update'),
(884, '更新系统配置', 1396260870, 1, '116.249.5.133', 1, 'Conf', 'update'),
(885, '更新系统配置', 1396260884, 1, '116.249.5.132', 1, 'Conf', 'update'),
(886, '更新系统配置', 1396260942, 1, '116.249.5.135', 1, 'Conf', 'update'),
(887, '玩转爱票更新成功', 1396261043, 1, '116.249.5.139', 1, 'Nav', 'update'),
(888, '讨论区更新成功', 1396261072, 1, '116.249.5.133', 1, 'Nav', 'update'),
(889, 'admin登录成功', 1396291123, 1, '116.249.5.100', 1, 'Public', 'do_login'),
(890, '爱票网更新成功', 1396291153, 1, '116.249.5.101', 1, 'Supplier', 'update'),
(891, '云南眼添加成功', 1396292089, 1, '116.249.5.99', 1, 'SupplierAccount', 'insert'),
(892, '更新系统配置', 1396292177, 1, '116.249.5.101', 1, 'Conf', 'update'),
(893, '更新系统配置', 1396292226, 1, '116.249.5.101', 1, 'Conf', 'update'),
(894, '更新系统配置', 1396293030, 1, '116.249.5.102', 1, 'Conf', 'update'),
(895, '更新系统配置', 1396293041, 1, '116.249.5.101', 1, 'Conf', 'update'),
(896, '更新系统配置', 1396293086, 1, '116.249.5.99', 1, 'Conf', 'update'),
(897, '云南眼55个主题积分即可兑换原价50元话费充值更新成功', 1396298271, 1, '116.249.5.100', 1, 'Deal', 'update'),
(898, '更新系统配置', 1396298307, 1, '116.249.5.103', 1, 'Conf', 'update'),
(899, '更新系统配置', 1396298598, 1, '116.249.5.99', 1, 'Conf', 'update'),
(900, '云南眼55个主题积分即可兑换原价50元话费充值更新成功', 1396298641, 1, '116.249.5.100', 1, 'Deal', 'update'),
(901, 'admin登录成功', 1396304917, 1, '121.204.76.128', 1, 'Public', 'do_login'),
(902, '更新系统配置', 1396304934, 1, '121.204.76.128', 1, 'Conf', 'update'),
(903, '更新系统配置', 1396304978, 1, '121.204.76.128', 1, 'Conf', 'update'),
(904, 'admin登录成功', 1396306626, 1, '121.204.76.222', 1, 'Public', 'do_login'),
(905, '更新系统配置', 1396308177, 1, '121.204.76.128', 1, 'Conf', 'update'),
(906, '测试管理员更新成功', 1396309597, 1, '121.204.76.222', 1, 'Role', 'update'),
(907, '测试管理员更新成功', 1396309616, 1, '121.204.76.222', 1, 'Role', 'update'),
(908, 'admin登录成功', 1396310728, 1, '116.249.5.102', 1, 'Public', 'do_login'),
(909, '更新系统配置', 1396310905, 1, '121.204.76.128', 1, 'Conf', 'update'),
(910, '更新系统配置', 1396310926, 1, '121.204.76.128', 1, 'Conf', 'update'),
(911, '丽江更新成功', 1396310976, 1, '121.204.76.128', 1, 'DealCity', 'update'),
(912, '丽江禁用成功', 1396310995, 1, '121.204.76.128', 1, 'DealCity', 'set_effect'),
(913, '丽江启用成功', 1396310996, 1, '121.204.76.128', 1, 'DealCity', 'set_effect'),
(914, '丽江更新成功', 1396311065, 1, '121.204.76.128', 1, 'DealCity', 'update'),
(915, '丽江更新成功', 1396311083, 1, '121.204.76.128', 1, 'DealCity', 'update'),
(916, '丽江设为默认城市', 1396311111, 1, '121.204.76.128', 1, 'DealCity', 'set_default'),
(917, '昆明设为默认城市', 1396311120, 1, '121.204.76.128', 1, 'DealCity', 'set_default'),
(918, '沈阳添加成功', 1396311147, 1, '121.204.76.128', 1, 'DealCity', 'insert'),
(919, '沈阳删除成功', 1396311165, 1, '121.204.76.128', 1, 'DealCity', 'delete'),
(920, '更新系统配置', 1396311215, 1, '121.204.76.128', 1, 'Conf', 'update'),
(921, '更新系统配置', 1396311236, 1, '121.204.76.128', 1, 'Conf', 'update'),
(922, '沈阳彻底删除成功', 1396311591, 1, '121.204.76.128', 1, 'DealCity', 'foreverdelete'),
(923, '沈阳添加成功', 1396311603, 1, '121.204.76.128', 1, 'DealCity', 'insert'),
(924, '沈阳删除成功', 1396311691, 1, '121.204.76.128', 1, 'DealCity', 'delete'),
(925, '沈阳恢复成功', 1396313247, 1, '121.204.76.128', 1, 'DealCity', 'restore'),
(926, '沈阳删除成功', 1396313303, 1, '121.204.76.128', 1, 'DealCity', 'delete'),
(927, '沈阳恢复成功', 1396313387, 1, '121.204.76.128', 1, 'DealCity', 'restore'),
(928, '更新系统配置', 1396313966, 1, '116.249.5.100', 1, 'Conf', 'update'),
(929, 'admin登录成功', 1396332494, 1, '116.249.5.100', 1, 'Public', 'do_login'),
(930, 'admin登录成功', 1396335833, 1, '116.249.5.103', 1, 'Public', 'do_login'),
(931, '高贵生活 坐享其成添加成功', 1396336039, 1, '116.249.5.101', 1, 'Broadcast', 'insert'),
(932, 'admin登录成功', 1396336340, 1, '116.249.5.103', 1, 'Public', 'do_login'),
(933, '高贵生活 坐享其成更新成功', 1396336367, 1, '116.249.5.103', 1, 'Broadcast', 'update'),
(934, '高贵生活 坐享其成更新成功', 1396336424, 1, '116.249.5.103', 1, 'Broadcast', 'update'),
(935, '沈阳删除成功', 1396336543, 1, '116.249.5.101', 1, 'DealCity', 'delete'),
(936, '高贵生活 坐享其成更新成功', 1396336582, 1, '116.249.5.103', 1, 'Broadcast', 'update'),
(937, '高贵生活 坐享其成更新成功', 1396337041, 1, '116.249.5.101', 1, 'Broadcast', 'update'),
(938, '高贵生活 坐享其成更新成功', 1396337054, 1, '116.249.5.104', 1, 'Broadcast', 'update'),
(939, '高贵生活 坐享其成更新成功', 1396337143, 1, '116.249.5.102', 1, 'Broadcast', 'update'),
(940, '高贵生活 坐享其成更新成功', 1396337212, 1, '116.249.5.100', 1, 'Broadcast', 'update'),
(941, '高贵生活 坐享其成更新成功', 1396337262, 1, '116.249.5.102', 1, 'Broadcast', 'update'),
(942, '高贵生活 坐享其成更新成功', 1396337374, 1, '116.249.5.104', 1, 'Broadcast', 'update'),
(943, '高贵生活 坐享其成更新成功', 1396337403, 1, '116.249.5.109', 1, 'Broadcast', 'update'),
(944, '高贵生活 坐享其成更新成功', 1396337479, 1, '116.249.5.99', 1, 'Broadcast', 'update'),
(945, '高贵生活 坐享其成更新成功', 1396337541, 1, '116.249.5.101', 1, 'Broadcast', 'update'),
(946, '高贵生活 坐享其成更新成功', 1396337673, 1, '116.249.5.103', 1, 'Broadcast', 'update'),
(947, '高贵生活 坐享其成更新成功', 1396337969, 1, '116.249.5.102', 1, 'Broadcast', 'update'),
(948, '高贵生活 坐享其成更新成功', 1396338120, 1, '116.249.5.104', 1, 'Broadcast', 'update'),
(949, '高贵生活 坐享其成更新成功', 1396338312, 1, '116.249.5.102', 1, 'Broadcast', 'update'),
(950, '顶部广告更新成功', 1396338665, 1, '116.249.5.100', 1, 'Adv', 'update'),
(951, '顶部广告更新成功', 1396338714, 1, '116.249.5.104', 1, 'Adv', 'update'),
(952, '高贵生活 坐享其成更新成功', 1396338766, 1, '116.249.5.101', 1, 'Broadcast', 'update'),
(953, '高贵生活 坐享其成更新成功', 1396339250, 1, '116.249.5.102', 1, 'Broadcast', 'update'),
(954, '高贵生活 坐享其成更新成功', 1396339253, 1, '116.249.5.100', 1, 'Broadcast', 'update'),
(955, '更新系统配置', 1396339614, 1, '116.249.5.109', 1, 'Conf', 'update'),
(956, '更新系统配置', 1396339634, 1, '116.249.5.102', 1, 'Conf', 'update'),
(957, '顶部广告位更新成功', 1396339700, 1, '116.249.5.100', 1, 'Adv', 'update'),
(958, '顶部广告更新成功', 1396339716, 1, '116.249.5.100', 1, 'Adv', 'update'),
(959, '更新系统配置', 1396342056, 1, '116.249.5.99', 1, 'Conf', 'update'),
(960, '更新系统配置', 1396342113, 1, '116.249.5.100', 1, 'Conf', 'update'),
(961, '更新系统配置', 1396342189, 1, '116.249.5.102', 1, 'Conf', 'update'),
(962, '高贵生活 坐享其成更新成功', 1396342209, 1, '116.249.5.100', 1, 'Broadcast', 'update'),
(963, '更新系统配置', 1396342358, 1, '116.249.5.104', 1, 'Conf', 'update'),
(964, '更新系统配置', 1396342487, 1, '116.249.5.101', 1, 'Conf', 'update'),
(965, '更新系统配置', 1396342513, 1, '116.249.5.101', 1, 'Conf', 'update'),
(966, '云南眼55个主题积分即可兑换原价50元话费充值更新成功', 1396344866, 1, '116.249.5.103', 1, 'Deal', 'update'),
(967, 'admin登录成功', 1396345235, 1, '116.249.5.102', 1, 'Public', 'do_login'),
(968, '更新成功', 1396345319, 1, '116.249.5.102', 1, 'DealCate', 'update'),
(969, '更新成功', 1396345335, 1, '116.249.5.100', 1, 'DealCate', 'update'),
(970, '更新成功', 1396345342, 1, '116.249.5.102', 1, 'DealCate', 'update'),
(971, 'admin登录成功', 1396345835, 1, '116.249.5.102', 1, 'Public', 'do_login'),
(972, '高贵生活 坐享其成更新成功', 1396345890, 1, '116.249.5.109', 1, 'Broadcast', 'update'),
(973, 'admin登录成功', 1396376742, 1, '116.249.5.101', 1, 'Public', 'do_login'),
(974, '招贤添加成功', 1396377209, 1, '116.249.5.103', 1, 'Article', 'insert'),
(975, '招贤更新成功', 1396377297, 1, '116.249.5.102', 1, 'Article', 'update'),
(976, '人才招聘更新成功', 1396377327, 1, '116.249.5.103', 1, 'Article', 'update'),
(977, '人才招聘更新成功', 1396377380, 1, '116.249.5.100', 1, 'Article', 'update'),
(978, 'admin登录成功', 1396377555, 1, '116.249.5.101', 1, 'Public', 'do_login'),
(979, '景区门票添加成功', 1396377798, 1, '116.249.5.102', 1, 'Nav', 'insert'),
(980, '美食添加成功', 1396377864, 1, '116.249.5.102', 1, 'Nav', 'insert'),
(981, '娱乐添加成功', 1396377881, 1, '116.249.5.103', 1, 'Nav', 'insert'),
(982, '更新系统配置', 1396378047, 1, '116.249.5.102', 1, 'Conf', 'update'),
(983, 'admin登录成功', 1396378189, 1, '116.249.5.99', 1, 'Public', 'do_login'),
(984, '关于爱票添加成功', 1396378371, 1, '116.249.5.100', 1, 'Article', 'insert'),
(985, '关于爱票更新成功', 1396379141, 1, '116.249.5.102', 1, 'Article', 'update'),
(986, '关于爱票更新成功', 1396379248, 1, '116.249.5.103', 1, 'Article', 'update'),
(987, '关于爱票更新成功', 1396379379, 1, '116.249.5.102', 1, 'Article', 'update'),
(988, '娱乐更新成功', 1396379461, 1, '116.249.5.102', 1, 'Nav', 'update'),
(989, '景区门票更新成功', 1396379468, 1, '116.249.5.102', 1, 'Nav', 'update'),
(990, '景区门票更新成功', 1396379476, 1, '116.249.5.100', 1, 'Nav', 'update'),
(991, '景区门票更新成功', 1396379483, 1, '116.249.5.101', 1, 'Nav', 'update'),
(992, '美食更新成功', 1396379490, 1, '116.249.5.103', 1, 'Nav', 'update'),
(993, '人才招聘更新成功', 1396379582, 1, '116.249.5.99', 1, 'Article', 'update'),
(994, '关于爱票更新成功', 1396379596, 1, '116.249.5.103', 1, 'Article', 'update'),
(995, '人才招聘更新成功', 1396379626, 1, '116.249.5.103', 1, 'Article', 'update'),
(996, '人才招聘更新成功', 1396380560, 1, '116.249.5.102', 1, 'Article', 'update'),
(997, '更新系统配置', 1396381088, 1, '116.249.5.103', 1, 'Conf', 'update'),
(998, '更新系统配置', 1396381599, 1, '116.249.5.101', 1, 'Conf', 'update'),
(999, '更新系统配置', 1396381604, 1, '116.249.5.99', 1, 'Conf', 'update'),
(1000, 'admin登录成功', 1396382258, 1, '116.249.5.100', 1, 'Public', 'do_login'),
(1001, '更新系统配置', 1396383159, 1, '116.249.5.100', 1, 'Conf', 'update'),
(1002, '更新系统配置', 1396383393, 1, '116.249.5.102', 1, 'Conf', 'update'),
(1003, '高贵生活 坐享其成更新成功', 1396384141, 1, '116.249.5.101', 1, 'Broadcast', 'update'),
(1004, '关于爱票更新成功', 1396384581, 1, '116.249.5.109', 1, 'Article', 'update'),
(1005, '关于爱票更新成功', 1396384609, 1, '116.249.5.109', 1, 'Article', 'update'),
(1006, '关于爱票更新成功', 1396384625, 1, '116.249.5.101', 1, 'Article', 'update'),
(1007, '关于爱票更新成功', 1396384664, 1, '116.249.5.104', 1, 'Article', 'update'),
(1008, '关于爱票更新成功', 1396384682, 1, '116.249.5.103', 1, 'Article', 'update'),
(1009, '关于爱票更新成功', 1396384696, 1, '116.249.5.102', 1, 'Article', 'update'),
(1010, '关于爱票更新成功', 1396385030, 1, '116.249.5.102', 1, 'Article', 'update'),
(1011, '玩转爱票更新成功', 1396387284, 1, '116.249.5.101', 1, 'Article', 'update'),
(1012, '更新系统配置', 1396387388, 1, '116.249.5.99', 1, 'Conf', 'update'),
(1013, '关于爱票更新成功', 1396387566, 1, '116.249.5.101', 1, 'Article', 'update'),
(1014, '关于爱票更新成功', 1396387623, 1, '116.249.5.102', 1, 'Article', 'update'),
(1015, '供应商申请添加成功', 1396387835, 1, '116.249.5.103', 1, 'Article', 'insert'),
(1016, '供应商申请更新成功', 1396387885, 1, '116.249.5.99', 1, 'Article', 'update'),
(1017, '供应商申请更新成功', 1396388161, 1, '116.249.5.99', 1, 'Article', 'update'),
(1018, '更新系统配置', 1396388469, 1, '116.249.5.100', 1, 'Conf', 'update'),
(1019, 'admin登录成功', 1396390807, 1, '121.204.76.222', 1, 'Public', 'do_login'),
(1020, '更新系统配置', 1396390833, 1, '121.204.76.222', 1, 'Conf', 'update'),
(1021, '更新系统配置', 1396390850, 1, '121.204.76.222', 1, 'Conf', 'update'),
(1022, 'admin登录成功', 1396391326, 1, '121.204.76.128', 1, 'Public', 'do_login'),
(1023, '更新系统配置', 1396391366, 1, '121.204.76.128', 1, 'Conf', 'update'),
(1024, '更新系统配置', 1396391447, 1, '121.204.76.128', 1, 'Conf', 'update'),
(1025, '更新系统配置', 1396391478, 1, '121.204.76.128', 1, 'Conf', 'update'),
(1026, '娱乐更新成功', 1396391554, 1, '121.204.76.128', 1, 'Nav', 'update'),
(1027, '娱乐禁用成功', 1396391853, 1, '121.204.76.222', 1, 'Nav', 'set_effect'),
(1028, '更新系统配置', 1396391905, 1, '121.204.76.222', 1, 'Conf', 'update'),
(1029, '更新系统配置', 1396392372, 1, '121.204.76.128', 1, 'Conf', 'update'),
(1030, '更新系统配置', 1396393358, 1, '116.249.5.103', 1, 'Conf', 'update'),
(1031, '测试添加成功', 1396394596, 1, '121.204.76.128', 1, 'DealCate', 'insert'),
(1032, '人才招聘更新成功', 1396394608, 1, '116.249.5.100', 1, 'Article', 'update'),
(1033, '人才招聘更新成功', 1396394676, 1, '116.249.5.100', 1, 'Article', 'update'),
(1034, '测试删除成功', 1396394690, 1, '121.204.76.222', 1, 'DealCate', 'delete'),
(1035, '人才招聘更新成功', 1396394837, 1, '116.249.5.109', 1, 'Article', 'update'),
(1036, '人才招聘更新成功', 1396394947, 1, '116.249.5.100', 1, 'Article', 'update'),
(1037, '人才招聘更新成功', 1396394992, 1, '116.249.5.103', 1, 'Article', 'update'),
(1038, '人才招聘更新成功', 1396395029, 1, '116.249.5.100', 1, 'Article', 'update'),
(1039, '人才招聘更新成功', 1396395054, 1, '116.249.5.102', 1, 'Article', 'update'),
(1040, '人才招聘更新成功', 1396395112, 1, '116.249.5.100', 1, 'Article', 'update'),
(1041, '人才招聘更新成功', 1396395197, 1, '116.249.5.100', 1, 'Article', 'update'),
(1042, '人才招聘更新成功', 1396395240, 1, '116.249.5.102', 1, 'Article', 'update'),
(1043, '人才招聘更新成功', 1396395317, 1, '116.249.5.99', 1, 'Article', 'update'),
(1044, '人才招聘更新成功', 1396395391, 1, '116.249.5.102', 1, 'Article', 'update'),
(1045, '人才招聘更新成功', 1396395414, 1, '116.249.5.105', 1, 'Article', 'update'),
(1046, '人才招聘更新成功', 1396395446, 1, '116.249.5.101', 1, 'Article', 'update'),
(1047, '人才招聘更新成功', 1396395520, 1, '116.249.5.100', 1, 'Article', 'update'),
(1048, '人才招聘更新成功', 1396395539, 1, '116.249.5.109', 1, 'Article', 'update'),
(1049, '回味时光添加成功', 1396395625, 1, '116.249.5.104', 1, 'Supplier', 'insert'),
(1050, '回味时光添加成功', 1396395661, 1, '116.249.5.102', 1, 'SupplierAccount', 'insert'),
(1051, '[云南财经大学]回味时光大红门火锅更新成功', 1396396806, 1, '116.249.5.102', 1, 'Deal', 'update'),
(1052, '[云南财经大学]回味时光大红门火锅更新成功', 1396402123, 1, '116.249.5.103', 1, 'Deal', 'update'),
(1053, '[云南财经大学]回味时光大红门火锅更新成功', 1396402166, 1, '116.249.5.103', 1, 'Deal', 'update'),
(1054, '[云南财经大学]回味时光大红门火锅更新成功', 1396402703, 1, '116.249.5.103', 1, 'Deal', 'update'),
(1055, '[云南财经大学]回味时光大红门火锅更新成功', 1396402783, 1, '116.249.5.102', 1, 'Deal', 'update'),
(1056, '昆明动物园门票成人票10元/人更新成功', 1396404334, 1, '116.249.5.109', 1, 'Deal', 'update'),
(1057, '昆明动物园门票成人票10元/人更新成功', 1396404349, 1, '116.249.5.103', 1, 'Deal', 'update'),
(1058, '爱票网更新成功', 1396406241, 1, '116.249.5.100', 1, 'Supplier', 'update'),
(1059, '爱票网更新成功', 1396406317, 1, '116.249.5.100', 1, 'Supplier', 'update'),
(1060, '爱票网更新成功', 1396406406, 1, '116.249.5.103', 1, 'Supplier', 'update'),
(1061, '爱票网更新成功', 1396406445, 1, '116.249.5.99', 1, 'Supplier', 'update'),
(1062, '爱票网更新成功', 1396406468, 1, '116.249.5.101', 1, 'Supplier', 'update'),
(1063, '爱票网更新成功', 1396406483, 1, '116.249.5.100', 1, 'Supplier', 'update'),
(1064, '爱票网更新成功', 1396406508, 1, '116.249.5.99', 1, 'Supplier', 'update'),
(1065, '昆明滇池西山索道 成人票更新成功', 1396406583, 1, '116.249.5.99', 1, 'Deal', 'update'),
(1066, '昆明滇池西山索道 成人票更新成功', 1396406633, 1, '116.249.5.99', 1, 'Deal', 'update'),
(1067, '昆明滇池西山索道 成人票更新成功', 1396406668, 1, '116.249.5.101', 1, 'Deal', 'update'),
(1068, '昆明滇池西山索道 成人票更新成功', 1396406691, 1, '116.249.5.100', 1, 'Deal', 'update'),
(1069, 'admin登录成功', 1396408247, 1, '116.249.5.101', 1, 'Public', 'do_login'),
(1070, '高贵生活 坐享其成更新成功', 1396408256, 1, '116.249.5.101', 1, 'Broadcast', 'update'),
(1071, 'admin登录成功', 1396408333, 1, '116.249.5.102', 1, 'Public', 'do_login'),
(1072, '测试添加成功', 1396408372, 1, '116.249.5.99', 1, 'Broadcast', 'insert'),
(1073, '爱票承诺更新成功', 1396414509, 1, '116.249.5.109', 1, 'Article', 'update'),
(1074, 'admin登录成功', 1396414819, 1, '171.92.230.219', 1, 'Public', 'do_login'),
(1075, '高贵生活 坐享其成更新成功', 1396414966, 1, '171.92.230.219', 1, 'Broadcast', 'update'),
(1076, '更新成功', 1396415351, 1, '116.249.5.99', 1, 'MailServer', 'update'),
(1077, '商家登录更新成功', 1396416583, 1, '116.249.5.99', 1, 'Article', 'update'),
(1078, '测试更新成功', 1396416600, 1, '171.92.230.219', 1, 'Broadcast', 'update'),
(1079, '高贵生活 坐享其成更新成功', 1396417514, 1, '116.249.5.101', 1, 'Broadcast', 'update'),
(1080, '测试更新成功', 1396417541, 1, '116.249.5.104', 1, 'Broadcast', 'update'),
(1081, '测试1111111添加成功', 1396417568, 1, '116.249.5.103', 1, 'Broadcast', 'insert'),
(1082, '爱票承诺更新成功', 1396417652, 1, '116.249.5.101', 1, 'Article', 'update'),
(1083, '人才招聘更新成功', 1396417928, 1, '116.249.5.99', 1, 'Article', 'update'),
(1084, 'admin登录成功', 1396419178, 1, '60.181.41.188', 1, 'Public', 'do_login'),
(1085, '更新系统配置', 1396419217, 1, '60.181.41.188', 1, 'Conf', 'update'),
(1086, '更新系统配置', 1396419352, 1, '60.181.41.188', 1, 'Conf', 'update'),
(1087, '的方法方法更新成功', 1396419379, 1, '60.181.41.188', 1, 'Message', 'update'),
(1088, '的方法方法彻底删除成功', 1396419815, 1, '60.181.41.188', 1, 'Message', 'foreverdelete'),
(1089, '玩转爱票更新成功', 1396419850, 1, '116.249.5.99', 1, 'Article', 'update'),
(1090, '玩转爱票更新成功', 1396419897, 1, '116.249.5.102', 1, 'Article', 'update'),
(1091, '玩转爱票更新成功', 1396419920, 1, '116.249.5.101', 1, 'Article', 'update'),
(1092, '评价说明添加成功', 1396420386, 1, '116.249.5.100', 1, 'Article', 'insert'),
(1093, '评价说明更新成功', 1396420447, 1, '116.249.5.101', 1, 'Article', 'update'),
(1094, '供应商申请更新成功', 1396420493, 1, '116.249.5.101', 1, 'Article', 'update'),
(1095, '供应商登陆更新成功', 1396420504, 1, '116.249.5.103', 1, 'Article', 'update'),
(1096, '友情链接更新成功', 1396420526, 1, '116.249.5.100', 1, 'Article', 'update'),
(1097, 'smtp.exmail.qq.com添加成功', 1396420631, 1, '60.181.41.188', 1, 'MailServer', 'insert'),
(1098, 'smtp.qq.com彻底删除成功', 1396420659, 1, '60.181.41.188', 1, 'MailServer', 'foreverdelete'),
(1099, '更新成功', 1396420672, 1, '60.181.41.188', 1, 'MailServer', 'update'),
(1100, '更新成功', 1396420720, 1, '60.181.41.188', 1, 'MailServer', 'update'),
(1101, '隐私声明添加成功', 1396420791, 1, '116.249.5.102', 1, 'Article', 'insert'),
(1102, '更新成功', 1396420800, 1, '60.181.41.188', 1, 'MailServer', 'update'),
(1103, '人才招聘更新成功', 1396420925, 1, '116.249.5.101', 1, 'Article', 'update'),
(1104, '加入我们更新成功', 1396420941, 1, '116.249.5.109', 1, 'Article', 'update'),
(1105, '爱票承诺更新成功', 1396420956, 1, '116.249.5.99', 1, 'Article', 'update'),
(1106, '隐私声明更新成功', 1396420969, 1, '116.249.5.101', 1, 'Article', 'update'),
(1107, '更新成功', 1396420985, 1, '60.181.41.188', 1, 'MailServer', 'update'),
(1108, '更新成功', 1396421014, 1, '60.181.41.188', 1, 'MailServer', 'update'),
(1109, '商家登陆更新成功', 1396421031, 1, '116.249.5.99', 1, 'Article', 'update'),
(1110, '更新成功', 1396421046, 1, '60.181.41.188', 1, 'MailServer', 'update'),
(1111, '商家申请更新成功', 1396421051, 1, '116.249.5.100', 1, 'Article', 'update'),
(1112, '更新成功', 1396421054, 1, '60.181.41.188', 1, 'MailServer', 'update'),
(1113, '友情链接更新成功', 1396421064, 1, '116.249.5.102', 1, 'Article', 'update'),
(1114, '更新成功', 1396421286, 1, '116.249.5.102', 1, 'MailServer', 'update'),
(1115, '更新成功', 1396421322, 1, '60.181.41.188', 1, 'MailServer', 'update'),
(1116, '更新成功', 1396421348, 1, '60.181.41.188', 1, 'MailServer', 'update'),
(1117, '更新成功', 1396423186, 1, '116.249.5.104', 1, 'MailServer', 'update'),
(1118, '更新成功', 1396423276, 1, '116.249.5.102', 1, 'MailServer', 'update'),
(1119, '景区门票更新成功', 1396426827, 1, '116.249.5.100', 1, 'Nav', 'update'),
(1120, '景区门票更新成功', 1396426832, 1, '116.249.5.102', 1, 'Nav', 'update'),
(1121, '景区门票更新成功', 1396426837, 1, '116.249.5.104', 1, 'Nav', 'update'),
(1122, '美食更新成功', 1396426848, 1, '116.249.5.104', 1, 'Nav', 'update'),
(1123, '娱乐更新成功', 1396426857, 1, '116.249.5.101', 1, 'Nav', 'update'),
(1124, '娱乐更新成功', 1396426881, 1, '116.249.5.102', 1, 'Nav', 'update'),
(1125, '景区门票更新成功', 1396426903, 1, '116.249.5.100', 1, 'Nav', 'update'),
(1126, 'admin登录成功', 1396428114, 1, '116.249.5.102', 1, 'Public', 'do_login'),
(1127, '更新成功', 1396429822, 1, '116.249.5.101', 1, 'DealCate', 'update'),
(1128, '更新成功', 1396429831, 1, '116.249.5.102', 1, 'DealCate', 'update'),
(1129, '代销添加成功', 1396429866, 1, '116.249.5.101', 1, 'DealCate', 'insert'),
(1130, 'admin登录成功', 1396459373, 1, '116.249.5.99', 1, 'Public', 'do_login'),
(1131, '更新系统配置', 1396459416, 1, '116.249.5.99', 1, 'Conf', 'update'),
(1132, '更新系统配置', 1396462368, 1, '116.249.5.100', 1, 'Conf', 'update'),
(1133, '更新系统配置', 1396462404, 1, '116.249.5.101', 1, 'Conf', 'update'),
(1134, 'admin登录成功', 1396476506, 1, '116.249.5.99', 1, 'Public', 'do_login'),
(1135, 'admin登录成功', 1396478059, 1, '116.249.5.99', 1, 'Public', 'do_login'),
(1136, '易想短信平台安装成功', 1396478151, 1, '116.249.5.103', 1, 'Sms', 'insert'),
(1137, '易想短信平台启用成功', 1396478317, 1, '116.249.5.100', 1, 'Sms', 'set_effect'),
(1138, '管理员编辑帐户', 1396479223, 1, '116.249.5.102', 1, 'User', 'modify_account'),
(1139, '爱票承诺更新成功', 1396483082, 1, '116.249.5.101', 1, 'Article', 'update'),
(1140, '人才招聘更新成功', 1396483143, 1, '116.249.5.101', 1, 'Article', 'update'),
(1141, '商家申请更新成功', 1396483190, 1, '116.249.5.102', 1, 'Article', 'update'),
(1142, '更新成功', 1396485538, 1, '116.249.5.103', 1, 'DealCate', 'update'),
(1143, '更新系统配置', 1396488281, 1, '116.249.5.105', 1, 'Conf', 'update'),
(1144, '更新系统配置', 1396488770, 1, '116.249.5.99', 1, 'Conf', 'update'),
(1145, '更新系统配置', 1396488927, 1, '116.249.5.104', 1, 'Conf', 'update'),
(1146, '更新系统配置', 1396488944, 1, '116.249.5.101', 1, 'Conf', 'update'),
(1147, '更新系统配置', 1396489090, 1, '116.249.5.104', 1, 'Conf', 'update'),
(1148, '更新系统配置', 1396489650, 1, '116.249.5.103', 1, 'Conf', 'update'),
(1149, '更新系统配置', 1396490143, 1, '116.249.5.100', 1, 'Conf', 'update'),
(1150, '服装添加成功', 1396490251, 1, '116.249.5.101', 1, 'DealCate', 'insert'),
(1151, '鞋类/箱包添加成功', 1396490272, 1, '116.249.5.103', 1, 'DealCate', 'insert'),
(1152, '家居百货添加成功', 1396490331, 1, '116.249.5.102', 1, 'DealCate', 'insert'),
(1153, '食品添加成功', 1396490338, 1, '116.249.5.101', 1, 'DealCate', 'insert'),
(1154, '数码电器添加成功', 1396490355, 1, '116.249.5.102', 1, 'DealCate', 'insert'),
(1155, '户外运动添加成功', 1396490378, 1, '116.249.5.102', 1, 'DealCate', 'insert'),
(1156, '玩具/母婴添加成功', 1396490404, 1, '116.249.5.102', 1, 'DealCate', 'insert'),
(1157, '家纺添加成功', 1396490422, 1, '116.249.5.104', 1, 'DealCate', 'insert'),
(1158, '其他添加成功', 1396490435, 1, '116.249.5.101', 1, 'DealCate', 'insert'),
(1159, '更新系统配置', 1396490522, 1, '116.249.5.101', 1, 'Conf', 'update'),
(1160, '更新系统配置', 1396490592, 1, '116.249.5.100', 1, 'Conf', 'update'),
(1161, '更新系统配置', 1396490677, 1, '116.249.5.100', 1, 'Conf', 'update'),
(1162, '更新系统配置', 1396490853, 1, '116.249.5.103', 1, 'Conf', 'update'),
(1163, '爱票网更新成功', 1396492753, 1, '116.249.5.101', 1, 'Supplier', 'update'),
(1164, '更新系统配置', 1396493000, 1, '116.249.5.104', 1, 'Conf', 'update'),
(1165, '测试测试测试删除成功', 1396493055, 1, '116.249.5.100', 1, 'Deal', 'delete'),
(1166, '更新系统配置', 1396493176, 1, '116.249.5.101', 1, 'Conf', 'update'),
(1167, '爱票网论坛添加成功', 1396494995, 1, '116.249.5.103', 1, 'Link', 'insert'),
(1168, 'admin登录成功', 1396496263, 1, '116.249.5.104', 1, 'Public', 'do_login'),
(1169, '云南眼更新成功', 1396496291, 1, '116.249.5.104', 1, 'Supplier', 'update'),
(1170, '云南眼更新成功', 1396496332, 1, '116.249.5.99', 1, 'Supplier', 'update'),
(1171, '云南眼更新成功', 1396496396, 1, '116.249.5.100', 1, 'Supplier', 'update'),
(1172, '云南眼更新成功', 1396496496, 1, '116.249.5.100', 1, 'Supplier', 'update'),
(1173, '云南眼更新成功', 1396496916, 1, '116.249.5.109', 1, 'Supplier', 'update'),
(1174, '昆明动物园门票成人票10元/人更新成功', 1396497294, 1, '116.249.5.99', 1, 'Deal', 'update'),
(1175, 'admin登录成功', 1396507098, 1, '116.249.5.135', 1, 'Public', 'do_login'),
(1176, '人才招聘更新成功', 1396508329, 1, '116.249.5.137', 1, 'Article', 'update'),
(1177, '人才招聘更新成功', 1396508453, 1, '116.249.5.132', 1, 'Article', 'update'),
(1178, '人才招聘更新成功', 1396508678, 1, '116.249.5.132', 1, 'Article', 'update'),
(1179, '人才招聘更新成功', 1396509266, 1, '116.249.5.135', 1, 'Article', 'update'),
(1180, '人才招聘更新成功', 1396512024, 1, '116.249.5.132', 1, 'Article', 'update'),
(1181, '人才招聘更新成功', 1396512095, 1, '116.249.5.133', 1, 'Article', 'update'),
(1182, '人才招聘更新成功', 1396512571, 1, '116.249.5.132', 1, 'Article', 'update'),
(1183, '人才招聘更新成功', 1396512672, 1, '116.249.5.135', 1, 'Article', 'update'),
(1184, '评价说明更新成功', 1396512806, 1, '116.249.5.135', 1, 'Article', 'update'),
(1185, '评价说明更新成功', 1396512882, 1, '116.249.5.131', 1, 'Article', 'update'),
(1186, '人才招聘更新成功', 1396513621, 1, '116.249.5.135', 1, 'Article', 'update'),
(1187, '云南眼55个主题积分即可兑换原价50元话费充值更新成功', 1396514558, 1, '116.249.5.133', 1, 'Deal', 'update'),
(1188, '云南生活网55个主题积分即可兑换原价50元话费充值更新成功', 1396514653, 1, '116.249.5.131', 1, 'Deal', 'update'),
(1189, '云南生活网55个主题积分即可兑换原价50元话费充值更新成功', 1396514720, 1, '116.249.5.131', 1, 'Deal', 'update'),
(1190, '云南生活网55个主题积分即可兑换原价50元话费充值更新成功', 1396514744, 1, '116.249.5.134', 1, 'Deal', 'update'),
(1191, '昆明动物园(圆通山)限时10元/人成人门票更新成功', 1396514993, 1, '116.249.5.135', 1, 'Deal', 'update'),
(1192, '昆明滇池西山索道 成人票更新成功', 1396515006, 1, '116.249.5.131', 1, 'Deal', 'update'),
(1193, '昆明动物园(圆通山)限时10元/人成人门票更新成功', 1396515066, 1, '116.249.5.137', 1, 'Deal', 'update'),
(1194, '云南眼168个主题即可兑换格林盈璐家用吸入式灭蚊神器 无毒无污染一台更新成功', 1396515272, 1, '116.249.5.132', 1, 'Deal', 'update'),
(1195, '格林盈璐家用吸入式灭蚊神器168元超值奉献更新成功', 1396515311, 1, '116.249.5.132', 1, 'Deal', 'update'),
(1196, '格林盈璐家用吸入式灭蚊神器168元超值奉献更新成功', 1396515349, 1, '116.249.5.131', 1, 'Deal', 'update'),
(1197, '积分商城更新成功', 1396515411, 1, '116.249.5.133', 1, 'Nav', 'update'),
(1198, '积分商城更新成功', 1396515446, 1, '116.249.5.136', 1, 'Nav', 'update'),
(1199, '[云南财经大学]回味时光大红门火锅更新成功', 1396516473, 1, '116.249.5.132', 1, 'Deal', 'update'),
(1200, '[云南财经大学]回味时光大红门火锅更新成功', 1396516493, 1, '116.249.5.133', 1, 'Deal', 'update'),
(1201, '人才招聘更新成功', 1396516669, 1, '116.249.5.131', 1, 'Article', 'update'),
(1202, '人才招聘更新成功', 1396516713, 1, '116.249.5.135', 1, 'Article', 'update'),
(1203, 'admin登录成功', 1396545371, 1, '60.181.78.133', 1, 'Public', 'do_login'),
(1204, '更新系统配置', 1396545398, 1, '60.181.78.133', 1, 'Conf', 'update'),
(1205, 'admin登录成功', 1396545770, 1, '116.249.5.131', 1, 'Public', 'do_login'),
(1206, '自助餐添加成功', 1396546039, 1, '116.249.5.135', 1, 'DealCate', 'insert'),
(1207, '西餐添加成功', 1396546046, 1, '116.249.5.135', 1, 'DealCate', 'insert'),
(1208, '日韩料理添加成功', 1396546060, 1, '116.249.5.139', 1, 'DealCate', 'insert'),
(1209, '火锅添加成功', 1396546073, 1, '116.249.5.135', 1, 'DealCate', 'insert'),
(1210, '香锅/干锅添加成功', 1396546085, 1, '116.249.5.135', 1, 'DealCate', 'insert'),
(1211, '更新系统配置', 1396546090, 1, '60.181.78.133', 1, 'Conf', 'update'),
(1212, '饮品/甜品添加成功', 1396546110, 1, '116.249.5.134', 1, 'DealCate', 'insert'),
(1213, 'KTV添加成功', 1396546198, 1, '116.249.5.131', 1, 'DealCate', 'insert'),
(1214, '洗浴/温泉添加成功', 1396546228, 1, '116.249.5.135', 1, 'DealCate', 'insert'),
(1215, '安宁市添加成功', 1396548223, 1, '116.249.5.139', 1, 'DealCityArea', 'insert'),
(1216, '更新成功', 1396548244, 1, '116.249.5.132', 1, 'DealCityArea', 'update'),
(1217, '湘菜添加成功', 1396551526, 1, '116.249.5.133', 1, 'DealCate', 'insert'),
(1218, '粤菜添加成功', 1396551535, 1, '116.249.5.132', 1, 'DealCate', 'insert'),
(1219, '云南菜添加成功', 1396551562, 1, '116.249.5.135', 1, 'DealCate', 'insert'),
(1220, '酒店添加成功', 1396551801, 1, '116.249.5.131', 1, 'DealCate', 'insert'),
(1221, '中餐/其他添加成功', 1396552430, 1, '116.249.5.131', 1, 'DealCate', 'insert'),
(1222, '川菜添加成功', 1396552451, 1, '116.249.5.134', 1, 'DealCate', 'insert'),
(1223, '更新成功', 1396552470, 1, '116.249.5.132', 1, 'DealCate', 'update'),
(1224, '更新成功', 1396552483, 1, '116.249.5.135', 1, 'DealCate', 'update'),
(1225, '更新成功', 1396552499, 1, '116.249.5.136', 1, 'DealCate', 'update'),
(1226, '更新成功', 1396552516, 1, '116.249.5.131', 1, 'DealCate', 'update'),
(1227, '更新成功', 1396552529, 1, '116.249.5.136', 1, 'DealCate', 'update'),
(1228, '更新成功', 1396552541, 1, '116.249.5.134', 1, 'DealCate', 'update'),
(1229, '更新成功', 1396552571, 1, '116.249.5.131', 1, 'DealCate', 'update'),
(1230, '更新成功', 1396552581, 1, '116.249.5.135', 1, 'DealCate', 'update'),
(1231, '更新成功', 1396552592, 1, '116.249.5.131', 1, 'DealCate', 'update'),
(1232, '更新成功', 1396552613, 1, '116.249.5.135', 1, 'DealCate', 'update'),
(1233, '云南眼配送更新成功', 1396554767, 1, '116.249.5.137', 1, 'Delivery', 'update'),
(1234, '10元代金券更新成功', 1396554864, 1, '116.249.5.132', 1, 'EcvType', 'update'),
(1235, '10元代金券更新成功', 1396555043, 1, '116.249.5.135', 1, 'EcvType', 'update'),
(1236, '10元代金券更新成功', 1396555066, 1, '116.249.5.132', 1, 'EcvType', 'update'),
(1237, '中国婚礼策划网添加成功', 1396561904, 1, '116.249.5.135', 1, 'Link', 'insert'),
(1238, '中国婚礼资讯网添加成功', 1396561952, 1, '116.249.5.135', 1, 'Link', 'insert'),
(1239, '楚雄市添加成功', 1396568897, 1, '116.249.5.132', 1, 'DealCity', 'insert'),
(1240, 'admin登录成功', 1396570945, 1, '116.249.5.131', 1, 'Public', 'do_login'),
(1241, '云南眼昆明论坛88个原创主题积分即可兑换金士顿16GB U盘/黑色一个添加成功', 1396571179, 1, '116.249.5.133', 1, 'Deal', 'insert'),
(1242, '云南眼昆明论坛88个原创主题积分即可兑换金士顿16GB U盘/黑色一个更新成功', 1396571228, 1, '116.249.5.131', 1, 'Deal', 'update'),
(1243, '云南生活网55个主题积分即可兑换原价50元话费充值更新成功', 1396571301, 1, '116.249.5.137', 1, 'Deal', 'update'),
(1244, '云南眼昆明论坛88个原创主题积分即可兑换金士顿16GB U盘/黑色一个更新成功', 1396571391, 1, '116.249.5.135', 1, 'Deal', 'update'),
(1245, '云南眼昆明论坛88个原创主题积分即可兑换金士顿16GB U盘/黑色一个更新成功', 1396571617, 1, '116.249.5.135', 1, 'Deal', 'update'),
(1246, '云南生活网55个主题积分即可兑换原价50元话费充值更新成功', 1396571642, 1, '116.249.5.135', 1, 'Deal', 'update'),
(1247, '云南眼昆明论坛88个原创主题积分即可兑换金士顿16GB U盘/黑色一个更新成功', 1396573033, 1, '116.249.5.133', 1, 'Deal', 'update'),
(1248, 'admin登录成功', 1396575631, 1, '116.249.5.135', 1, 'Public', 'do_login'),
(1249, 'admin登录成功', 1396579229, 1, '116.249.5.132', 1, 'Public', 'do_login'),
(1250, '经济型酒店添加成功', 1396580983, 1, '116.249.5.136', 1, 'DealCate', 'insert'),
(1251, '豪华酒店添加成功', 1396581006, 1, '116.249.5.134', 1, 'DealCate', 'insert'),
(1252, '公寓酒店添加成功', 1396581021, 1, '116.249.5.134', 1, 'DealCate', 'insert'),
(1253, '度假酒店添加成功', 1396581043, 1, '116.249.5.131', 1, 'DealCate', 'insert'),
(1254, '主题酒店添加成功', 1396581056, 1, '116.249.5.135', 1, 'DealCate', 'insert'),
(1255, '客栈添加成功', 1396581074, 1, '116.249.5.135', 1, 'DealCate', 'insert'),
(1256, '青年旅社添加成功', 1396581086, 1, '116.249.5.133', 1, 'DealCate', 'insert');
INSERT INTO `tg_log` (`id`, `log_info`, `log_time`, `log_admin`, `log_ip`, `log_status`, `module`, `action`) VALUES
(1257, '酒吧添加成功', 1396581232, 1, '116.249.5.135', 1, 'DealCate', 'insert'),
(1258, '更新成功', 1396581250, 1, '116.249.5.133', 1, 'DealCate', 'update'),
(1259, '更新成功', 1396581263, 1, '116.249.5.139', 1, 'DealCate', 'update'),
(1260, '游乐游艺添加成功', 1396581289, 1, '116.249.5.131', 1, 'DealCate', 'insert'),
(1261, '演出活动添加成功', 1396581301, 1, '116.249.5.131', 1, 'DealCate', 'insert'),
(1262, '其他添加成功', 1396581321, 1, '116.249.5.135', 1, 'DealCate', 'insert'),
(1263, 'admin登录成功', 1396591420, 1, '116.249.5.101', 1, 'Public', 'do_login'),
(1264, '昭通添加成功', 1396595674, 1, '116.249.5.102', 1, 'DealCity', 'insert'),
(1265, '楚雄市更新成功', 1396595708, 1, '116.249.5.102', 1, 'DealCity', 'update'),
(1266, 'admin登录成功', 1396601470, 1, '60.181.42.15', 1, 'Public', 'do_login'),
(1267, '更新系统配置', 1396601917, 1, '60.181.42.15', 1, 'Conf', 'update'),
(1268, '更新系统配置', 1396601968, 1, '60.181.42.15', 1, 'Conf', 'update'),
(1269, '更新系统配置', 1396601996, 1, '60.181.42.15', 1, 'Conf', 'update'),
(1270, '更新系统配置', 1396602418, 1, '60.181.42.15', 1, 'Conf', 'update'),
(1271, '更新系统配置', 1396603124, 1, '60.181.42.15', 1, 'Conf', 'update'),
(1272, '更新系统配置', 1396603510, 1, '60.181.42.15', 1, 'Conf', 'update'),
(1273, '更新系统配置', 1396604086, 1, '60.181.42.15', 1, 'Conf', 'update'),
(1274, 'admin登录成功', 1396606270, 1, '60.181.42.15', 1, 'Public', 'do_login'),
(1275, '更新系统配置', 1396606286, 1, '60.181.42.15', 1, 'Conf', 'update'),
(1276, '更新系统配置', 1396606306, 1, '60.181.42.15', 1, 'Conf', 'update'),
(1277, '山货铺添加成功', 1396607221, 1, '116.249.5.102', 1, 'Supplier', 'insert'),
(1278, '山货铺添加成功', 1396607269, 1, '116.249.5.101', 1, 'SupplierAccount', 'insert'),
(1279, '顶级出口白花菇5cm以上/香菇/花菇/白花菇/500g更新成功', 1396607788, 1, '116.249.5.104', 1, 'Deal', 'update'),
(1280, '顶级出口白花菇5cm以上/香菇/花菇/白花菇/500g更新成功', 1396607820, 1, '116.249.5.100', 1, 'Deal', 'update'),
(1281, '顶级出口白花菇5cm以上/香菇/花菇/白花菇/500g更新成功', 1396607840, 1, '116.249.5.104', 1, 'Deal', 'update'),
(1282, '顶级出口白花菇5cm以上/香菇/花菇/白花菇/500g更新成功', 1396607882, 1, '116.249.5.101', 1, 'Deal', 'update'),
(1283, '顶级出口白花菇5cm以上/香菇/花菇/白花菇/500g更新成功', 1396608089, 1, '116.249.5.101', 1, 'Deal', 'update'),
(1284, '顶级出口白花菇5cm以上/香菇/花菇/白花菇/500g更新成功', 1396608134, 1, '116.249.5.102', 1, 'Deal', 'update'),
(1285, 'admin登录成功', 1396608634, 1, '116.249.5.103', 1, 'Public', 'do_login'),
(1286, '山货铺更新成功', 1396608671, 1, '116.249.5.104', 1, 'Supplier', 'update'),
(1287, '更新成功', 1396608780, 1, '116.249.5.100', 1, 'DealCate', 'update'),
(1288, '更新成功', 1396608828, 1, '116.249.5.100', 1, 'DealCate', 'update'),
(1289, '更新成功', 1396608843, 1, '116.249.5.102', 1, 'DealCate', 'update'),
(1290, '更新成功', 1396608853, 1, '116.249.5.101', 1, 'DealCate', 'update'),
(1291, '更新成功', 1396608882, 1, '116.249.5.102', 1, 'DealCate', 'update'),
(1292, '更新系统配置', 1396610231, 1, '60.181.47.247', 1, 'Conf', 'update'),
(1293, '更新系统配置', 1396610298, 1, '60.181.47.247', 1, 'Conf', 'update'),
(1294, '更新成功', 1396610753, 1, '116.249.5.101', 1, 'DealCityArea', 'update'),
(1295, 'admin管理员密码错误', 1396612847, 0, '116.249.5.102', 0, 'Public', 'do_login'),
(1296, 'admin管理员密码错误', 1396612877, 0, '116.249.5.103', 0, 'Public', 'do_login'),
(1297, 'admin登录成功', 1396612888, 1, '116.249.5.101', 1, 'Public', 'do_login'),
(1298, '昆明滇池西山索道 成人票更新成功', 1396614922, 1, '116.249.5.109', 1, 'Deal', 'update'),
(1299, 'admin登录成功', 1396615974, 1, '60.181.47.247', 1, 'Public', 'do_login'),
(1300, '更新系统配置', 1396616013, 1, '60.181.47.247', 1, 'Conf', 'update'),
(1301, '更新系统配置', 1396616476, 1, '60.181.47.247', 1, 'Conf', 'update'),
(1302, '更新系统配置', 1396616692, 1, '60.181.47.247', 1, 'Conf', 'update'),
(1303, '更新系统配置', 1396616749, 1, '60.181.47.247', 1, 'Conf', 'update'),
(1304, '更新系统配置', 1396616766, 1, '60.181.47.247', 1, 'Conf', 'update'),
(1305, '格林盈璐家用吸入式灭蚊神器168元超值奉献更新成功', 1396616844, 1, '60.181.47.247', 1, 'Deal', 'update'),
(1306, '格林盈璐家用吸入式灭蚊神器168元超值奉献更新成功', 1396618196, 1, '116.249.5.101', 1, 'Deal', 'update'),
(1307, 'admin登录成功', 1396623805, 1, '116.249.5.101', 1, 'Public', 'do_login'),
(1308, 'admin登录成功', 1396665741, 1, '116.249.5.100', 1, 'Public', 'do_login'),
(1309, 'admin登录成功', 1396680607, 1, '116.249.5.133', 1, 'Public', 'do_login'),
(1310, 'admin登录成功', 1396682167, 1, '116.249.5.133', 1, 'Public', 'do_login'),
(1311, '更新系统配置', 1396682196, 1, '116.249.5.132', 1, 'Conf', 'update'),
(1312, '更新系统配置', 1396682340, 1, '116.249.5.132', 1, 'Conf', 'update'),
(1313, '更新系统配置', 1396683986, 1, '116.249.5.136', 1, 'Conf', 'update'),
(1314, '更新系统配置', 1396684236, 1, '116.249.5.131', 1, 'Conf', 'update'),
(1315, '讨论更新成功', 1396686306, 1, '116.249.5.135', 1, 'Nav', 'update'),
(1316, '顶级出口白花菇5cm以上/香菇/花菇/白花菇/500g更新成功', 1396686443, 1, '116.249.5.132', 1, 'Deal', 'update'),
(1317, '更新系统配置', 1396686645, 1, '116.249.5.131', 1, 'Conf', 'update'),
(1318, '更新系统配置', 1396686765, 1, '116.249.5.131', 1, 'Conf', 'update'),
(1319, '更新系统配置', 1396686906, 1, '116.249.5.132', 1, 'Conf', 'update'),
(1320, '更新系统配置', 1396692298, 1, '116.249.5.137', 1, 'Conf', 'update'),
(1321, '更新系统配置', 1396692356, 1, '116.249.5.135', 1, 'Conf', 'update'),
(1322, '端木赐百花蜂巢蜜 野生土蜂蜜纯天然农家自产成熟蜂蜜fengmi正品更新成功', 1396693129, 1, '116.249.5.133', 1, 'Deal', 'update'),
(1323, '端木赐百花蜂巢蜜 野生土蜂蜜纯天然农家自产成熟蜂蜜fengmi正品更新成功', 1396693159, 1, '116.249.5.132', 1, 'Deal', 'update'),
(1324, '端木赐百花蜂巢蜜 野生土蜂蜜纯天然农家自产成熟蜂蜜fengmi正品更新成功', 1396693229, 1, '116.249.5.134', 1, 'Deal', 'update'),
(1325, 'admin登录成功', 1396693528, 1, '116.249.5.131', 1, 'Public', 'do_login'),
(1326, '端木赐百花蜂巢蜜 野生土蜂蜜纯天然农家自产成熟蜂蜜500g正品更新成功', 1396693606, 1, '116.249.5.135', 1, 'Deal', 'update'),
(1327, '更新系统配置', 1396694694, 1, '116.249.5.133', 1, 'Conf', 'update'),
(1328, 'admin登录成功', 1396730083, 1, '116.249.5.131', 1, 'Public', 'do_login'),
(1329, '[回馈网友]原价100元话费充值,仅云南眼95个主题积分即可兑换更新成功', 1396730130, 1, '116.249.5.133', 1, 'Deal', 'update'),
(1330, '[回馈网友]原价100元话费充值,仅云南眼95个主题积分即可兑换更新成功', 1396730136, 1, '116.249.5.132', 1, 'Deal', 'update'),
(1331, 'admin登录成功', 1396743433, 1, '60.181.79.128', 1, 'Public', 'do_login'),
(1332, '更新系统配置', 1396743446, 1, '60.181.79.128', 1, 'Conf', 'update'),
(1333, '更新系统配置', 1396743483, 1, '60.181.79.128', 1, 'Conf', 'update'),
(1334, '更新系统配置', 1396743959, 1, '60.181.79.128', 1, 'Conf', 'update'),
(1335, '更新系统配置', 1396744518, 1, '60.181.79.128', 1, 'Conf', 'update'),
(1336, '更新系统配置', 1396744624, 1, '60.181.79.128', 1, 'Conf', 'update'),
(1337, '更新系统配置', 1396744695, 1, '60.181.79.128', 1, 'Conf', 'update'),
(1338, 'admin登录成功', 1396746200, 1, '60.181.79.128', 1, 'Public', 'do_login'),
(1339, '更新系统配置', 1396746506, 1, '60.181.79.128', 1, 'Conf', 'update'),
(1340, '更新系统配置', 1396746559, 1, '60.181.79.128', 1, 'Conf', 'update'),
(1341, '更新系统配置', 1396746814, 1, '60.181.79.128', 1, 'Conf', 'update'),
(1342, '更新系统配置', 1396746891, 1, '60.181.79.128', 1, 'Conf', 'update'),
(1343, 'admin登录成功', 1396748675, 1, '60.181.79.128', 1, 'Public', 'do_login'),
(1344, 'admin登录成功', 1396749972, 1, '116.249.5.134', 1, 'Public', 'do_login'),
(1345, '更新成功', 1396750504, 1, '60.181.79.128', 1, 'DealCate', 'update'),
(1346, '更新成功', 1396750524, 1, '60.181.79.128', 1, 'DealCate', 'update'),
(1347, '更新成功', 1396750574, 1, '60.181.79.128', 1, 'DealCate', 'update'),
(1348, '美食添加成功', 1396750603, 1, '60.181.79.128', 1, 'DealCate', 'insert'),
(1349, '美食删除成功', 1396750717, 1, '60.181.79.128', 1, 'DealCate', 'delete'),
(1350, '更新成功', 1396750742, 1, '60.181.79.128', 1, 'DealCate', 'update'),
(1351, '更新成功', 1396750920, 1, '60.181.79.128', 1, 'DealCate', 'update'),
(1352, '更新成功', 1396750937, 1, '60.181.79.128', 1, 'DealCate', 'update'),
(1353, '更新成功', 1396750953, 1, '60.181.79.128', 1, 'DealCate', 'update'),
(1354, '[云南财经大学]回味时光大红门火锅更新成功', 1396751122, 1, '60.181.79.128', 1, 'Deal', 'update'),
(1355, 'admin登录成功', 1396751416, 1, '60.181.79.128', 1, 'Public', 'do_login'),
(1356, '[云南财经大学]回味时光大红门火锅更新成功', 1396751503, 1, '60.181.79.128', 1, 'Deal', 'update'),
(1357, '[云南财经大学]回味时光大红门火锅更新成功', 1396751550, 1, '60.181.79.128', 1, 'Deal', 'update'),
(1358, 'admin登录成功', 1396755492, 1, '116.249.5.133', 1, 'Public', 'do_login'),
(1359, '更新系统配置', 1396755519, 1, '116.249.5.132', 1, 'Conf', 'update'),
(1360, '格林盈璐家用吸入式灭蚊神器168元超值奉献更新成功', 1396756800, 1, '116.249.5.133', 1, 'Deal', 'update'),
(1361, 'admin登录成功', 1396757858, 1, '116.249.5.132', 1, 'Public', 'do_login'),
(1362, '更新系统配置', 1396757883, 1, '116.249.5.131', 1, 'Conf', 'update'),
(1363, '端木赐百花蜂巢蜜 野生土蜂蜜纯天然农家自产成熟蜂蜜500g正品更新成功', 1396760242, 1, '116.249.5.135', 1, 'Deal', 'update'),
(1364, '端木赐百花蜂巢蜜 野生土蜂蜜纯天然农家自产成熟蜂蜜500g正品更新成功', 1396760293, 1, '116.249.5.131', 1, 'Deal', 'update'),
(1365, '开放API更新成功', 1396760500, 1, '116.249.5.133', 1, 'Article', 'update'),
(1366, 'RSS订阅更新成功', 1396760559, 1, '116.249.5.132', 1, 'Article', 'update'),
(1367, '获取更新更新成功', 1396760705, 1, '116.249.5.133', 1, 'ArticleCate', 'update'),
(1368, '服务保障更新成功', 1396760732, 1, '116.249.5.133', 1, 'ArticleCate', 'update'),
(1369, '用户帮助更新成功', 1396760742, 1, '116.249.5.131', 1, 'ArticleCate', 'update'),
(1370, '公司信息更新成功', 1396760767, 1, '116.249.5.133', 1, 'ArticleCate', 'update'),
(1371, '退换货保障添加成功', 1396761372, 1, '116.249.5.132', 1, 'Article', 'insert'),
(1372, '支付方式添加成功', 1396761383, 1, '116.249.5.135', 1, 'Article', 'insert'),
(1373, '三包服务添加成功', 1396761403, 1, '116.249.5.131', 1, 'Article', 'insert'),
(1374, '三包服务更新成功', 1396761414, 1, '116.249.5.131', 1, 'Article', 'update'),
(1375, '玩转爱票更新成功', 1396761470, 1, '116.249.5.137', 1, 'Article', 'update'),
(1376, '商家登陆更新成功', 1396761493, 1, '116.249.5.132', 1, 'Article', 'update'),
(1377, '评价说明更新成功', 1396761521, 1, '116.249.5.137', 1, 'Article', 'update'),
(1378, '商家登陆更新成功', 1396761561, 1, '116.249.5.131', 1, 'Article', 'update'),
(1379, '商家申请更新成功', 1396761574, 1, '116.249.5.132', 1, 'Article', 'update'),
(1380, '开放API更新成功', 1396761587, 1, '116.249.5.135', 1, 'Article', 'update'),
(1381, '加入我们更新成功', 1396761657, 1, '116.249.5.133', 1, 'Article', 'update'),
(1382, '爱票承诺更新成功', 1396761728, 1, '116.249.5.135', 1, 'Article', 'update'),
(1383, '隐私声明更新成功', 1396761748, 1, '116.249.5.133', 1, 'Article', 'update'),
(1384, '加入我们更新成功', 1396761796, 1, '116.249.5.132', 1, 'Article', 'update'),
(1385, '消保服务添加成功', 1396761870, 1, '116.249.5.131', 1, 'Article', 'insert'),
(1386, '三包服务更新成功', 1396761909, 1, '116.249.5.131', 1, 'Article', 'update'),
(1387, '退换货保障更新成功', 1396761926, 1, '116.249.5.132', 1, 'Article', 'update'),
(1388, '支付方式更新成功', 1396761935, 1, '116.249.5.131', 1, 'Article', 'update'),
(1389, '消保服务更新成功', 1396761941, 1, '116.249.5.135', 1, 'Article', 'update'),
(1390, 'admin登录成功', 1396766692, 1, '116.249.5.100', 1, 'Public', 'do_login'),
(1391, 'admin登录成功', 1396766744, 1, '60.181.45.131', 1, 'Public', 'do_login'),
(1392, '团购新闻添加成功', 1396766764, 1, '60.181.45.131', 1, 'ArticleCate', 'insert'),
(1393, '更新系统配置', 1396766808, 1, '116.249.5.101', 1, 'Conf', 'update'),
(1394, '测试的添加成功', 1396766812, 1, '60.181.45.131', 1, 'Article', 'insert'),
(1395, '更新系统配置', 1396766958, 1, '60.181.45.131', 1, 'Conf', 'update'),
(1396, '更新系统配置', 1396767016, 1, '60.181.45.131', 1, 'Conf', 'update'),
(1397, '更新系统配置', 1396767075, 1, '60.181.45.131', 1, 'Conf', 'update'),
(1398, '更新系统配置', 1396767147, 1, '60.181.45.131', 1, 'Conf', 'update'),
(1399, '更新系统配置', 1396767148, 1, '60.181.45.131', 1, 'Conf', 'update'),
(1400, '团购新闻更新成功', 1396768553, 1, '116.249.5.102', 1, 'ArticleCate', 'update'),
(1401, '团购新闻更新成功', 1396768570, 1, '116.249.5.103', 1, 'ArticleCate', 'update'),
(1402, '商家申请更新成功', 1396769904, 1, '116.249.5.103', 1, 'Article', 'update'),
(1403, '团购新闻更新成功', 1396770135, 1, '116.249.5.101', 1, 'ArticleCate', 'update'),
(1404, 'admin登录成功', 1396772102, 1, '116.249.5.100', 1, 'Public', 'do_login'),
(1405, '消保服务更新成功', 1396772252, 1, '116.249.5.109', 1, 'Article', 'update'),
(1406, '三包服务更新成功', 1396772268, 1, '116.249.5.100', 1, 'Article', 'update'),
(1407, '支付方式更新成功', 1396772281, 1, '116.249.5.103', 1, 'Article', 'update'),
(1408, '退换货保障更新成功', 1396772294, 1, '116.249.5.100', 1, 'Article', 'update'),
(1409, '顶级出口白花菇5cm以上/香菇/花菇/白花菇/500g更新成功', 1396772524, 1, '116.249.5.102', 1, 'Deal', 'update'),
(1410, '州市加盟添加成功', 1396772831, 1, '116.249.5.100', 1, 'Article', 'insert'),
(1411, '人才招聘更新成功', 1396772862, 1, '116.249.5.109', 1, 'Article', 'update'),
(1412, '云南生活网55个主题积分即可兑换原价50元话费充值更新成功', 1396774532, 1, '116.249.5.102', 1, 'Deal', 'update'),
(1413, '[回馈网友]原价100元话费充值,仅云南眼95个主题积分即可兑换更新成功', 1396774556, 1, '116.249.5.101', 1, 'Deal', 'update'),
(1414, 'admin登录成功', 1396775051, 1, '116.249.5.100', 1, 'Public', 'do_login'),
(1415, '这个平台是个人的吗？还是公司的？启用成功', 1396777327, 1, '116.249.5.99', 1, 'Message', 'set_effect'),
(1416, '这个便宜啊！启用成功', 1396777330, 1, '116.249.5.102', 1, 'Message', 'set_effect'),
(1417, 'admin登录成功', 1396809828, 1, '116.249.5.103', 1, 'Public', 'do_login'),
(1418, '更新系统配置', 1396809840, 1, '116.249.5.102', 1, 'Conf', 'update'),
(1419, 'admin登录成功', 1396816689, 1, '116.249.5.102', 1, 'Public', 'do_login'),
(1420, 'admin登录成功', 1396829512, 1, '116.249.5.132', 1, 'Public', 'do_login'),
(1421, '更新系统配置', 1396832195, 1, '116.249.5.131', 1, 'Conf', 'update'),
(1422, '更新系统配置', 1396832332, 1, '116.249.5.136', 1, 'Conf', 'update'),
(1423, '更新系统配置', 1396832619, 1, '116.249.5.131', 1, 'Conf', 'update'),
(1424, 'admin管理员密码错误', 1396833718, 0, '116.249.5.135', 0, 'Public', 'do_login'),
(1425, 'admin登录成功', 1396833725, 1, '116.249.5.137', 1, 'Public', 'do_login'),
(1426, '更新系统配置', 1396833938, 1, '116.249.5.135', 1, 'Conf', 'update'),
(1427, '玩转爱票更新成功', 1396834708, 1, '116.249.5.136', 1, 'Article', 'update'),
(1428, '爱票承诺更新成功', 1396836188, 1, '116.249.5.132', 1, 'Article', 'update'),
(1429, '人才招聘更新成功', 1396836207, 1, '116.249.5.133', 1, 'Article', 'update'),
(1430, 'admin登录成功', 1396851633, 1, '116.249.5.133', 1, 'Public', 'do_login'),
(1431, '更新系统配置', 1396851673, 1, '116.249.5.133', 1, 'Conf', 'update'),
(1432, '更新系统配置', 1396851692, 1, '116.249.5.131', 1, 'Conf', 'update'),
(1433, '更新系统配置', 1400117819, 1, '60.181.76.18', 1, 'Conf', 'update'),
(1434, '更新系统配置', 1400117841, 1, '60.181.76.18', 1, 'Conf', 'update'),
(1435, '更新系统配置', 1400117973, 1, '60.181.76.18', 1, 'Conf', 'update'),
(1436, '更新系统配置', 1400119896, 1, '60.181.76.18', 1, 'Conf', 'update'),
(1437, '更新系统配置', 1400123012, 1, '60.181.76.18', 1, 'Conf', 'update'),
(1438, 'admin管理员密码错误', 1403638460, 0, '60.181.72.185', 0, 'Public', 'do_login'),
(1439, 'admin登录成功', 1403638467, 1, '60.181.72.185', 1, 'Public', 'do_login'),
(1440, 'admin更新成功', 1403640471, 1, '60.181.72.185', 1, 'Admin', 'update'),
(1441, 'ynyan管理员帐号错误', 1403640820, 0, '60.181.72.185', 0, 'Public', 'do_login'),
(1442, 'admin管理员密码错误', 1403640831, 0, '60.181.72.185', 0, 'Public', 'do_login'),
(1443, 'admin登录成功', 1403640888, 1, '60.181.72.185', 1, 'Public', 'do_login'),
(1444, 'admin更新成功', 1403649515, 1, '60.181.72.185', 1, 'Admin', 'update'),
(1445, 'admin管理员密码错误', 1403650065, 0, '127.0.0.1', 0, 'Public', 'do_login'),
(1446, 'admin管理员密码错误', 1403650077, 0, '127.0.0.1', 0, 'Public', 'do_login'),
(1447, 'admin登录成功', 1403650135, 1, '127.0.0.1', 1, 'Public', 'do_login'),
(1448, 'admin更新成功', 1403650248, 1, '127.0.0.1', 1, 'Admin', 'update'),
(1449, 'admin登录成功', 1403650261, 1, '127.0.0.1', 1, 'Public', 'do_login'),
(1450, '更新系统配置', 1403650315, 1, '127.0.0.1', 1, 'Conf', 'update'),
(1451, '更新系统配置', 1403651406, 1, '127.0.0.1', 1, 'Conf', 'update'),
(1452, '卸载成功', 1403664256, 1, '127.0.0.1', 1, 'Integrate', 'uninstall'),
(1453, '更新系统配置', 1403664334, 1, '127.0.0.1', 1, 'Conf', 'update'),
(1454, '更新系统配置', 1403668277, 1, '127.0.0.1', 1, 'Conf', 'update'),
(1455, '更新系统配置', 1403668354, 1, '127.0.0.1', 1, 'Conf', 'update'),
(1456, '更新系统配置', 1403668456, 1, '127.0.0.1', 1, 'Conf', 'update'),
(1457, 'admin登录成功', 1403717271, 1, '127.0.0.1', 1, 'Public', 'do_login'),
(1458, '更新系统配置', 1403718656, 1, '127.0.0.1', 1, 'Conf', 'update'),
(1459, '更新系统配置', 1403719366, 0, '127.0.0.1', 1, 'Conf', 'update'),
(1460, 'admin登录成功', 1403719378, 1, '127.0.0.1', 1, 'Public', 'do_login'),
(1461, '更新系统配置', 1403719456, 1, '127.0.0.1', 1, 'Conf', 'update'),
(1462, '更新系统配置', 1403719973, 1, '127.0.0.1', 1, 'Conf', 'update'),
(1463, '更新系统配置', 1403721425, 1, '127.0.0.1', 1, 'Conf', 'update'),
(1464, '更新系统配置', 1403722402, 1, '127.0.0.1', 1, 'Conf', 'update'),
(1465, '昆明滇池西山索道 成人票,格林盈璐家用吸入式灭蚊神器168元超值奉献,云南生活网55个主题积分即可兑换原价50元话费充值,[云南财经大学]回味时光大红门火锅,云南眼昆明论坛88个原创主题积分即可兑换金士顿16GB U盘/黑色一个,昆明动物园(圆通山)限时10元/人成人门票,顶级出口白花菇5cm以上/香菇/花菇/白花菇/500g,[回馈网友]原价100元话费充值,仅云南眼95个主题积分即可兑换删除成功', 1403724456, 1, '127.0.0.1', 1, 'Deal', 'delete'),
(1466, '易想团购系统V1.0正式上线了,易想团购积分兑换,易想团购预告即将上线,测试云南眼爱票网产品,昆明滇池西山索道 成人票,易想往期失败的团购,格林盈璐家用吸入式灭蚊神器168元超值奉献,测试测试测试,云南生活网55个主题积分即可兑换原价50元话费充值,[云南财经大学]回味时光大红门火锅,云南眼昆明论坛88个原创主题积分即可兑换金士顿16GB U盘/黑色一个,昆明动物园(圆通山)限时10元/人成人门票,顶级出口白花菇5cm以上/香菇/花菇/白花菇/500g,[回馈网友]原价100元话费充值,仅云南眼95个主题积分即可兑换彻底删除成功', 1403724470, 1, '127.0.0.1', 1, 'Deal', 'foreverdelete'),
(1467, '昆明删除成功', 1403724491, 1, '127.0.0.1', 1, 'DealCity', 'delete'),
(1468, '曲靖删除成功', 1403724493, 1, '127.0.0.1', 1, 'DealCity', 'delete'),
(1469, '丽江删除成功', 1403724494, 1, '127.0.0.1', 1, 'DealCity', 'delete'),
(1470, '大理删除成功', 1403724495, 1, '127.0.0.1', 1, 'DealCity', 'delete'),
(1471, '版纳删除成功', 1403724497, 1, '127.0.0.1', 1, 'DealCity', 'delete'),
(1472, '香格里拉删除成功', 1403724498, 1, '127.0.0.1', 1, 'DealCity', 'delete'),
(1473, '楚雄删除成功', 1403724499, 1, '127.0.0.1', 1, 'DealCity', 'delete'),
(1474, '昭通删除成功', 1403724500, 1, '127.0.0.1', 1, 'DealCity', 'delete'),
(1475, '云南更新成功', 1403724540, 1, '127.0.0.1', 1, 'DealCity', 'update'),
(1476, '昆明,曲靖,丽江,大理,版纳,香格里拉,沈阳,楚雄,昭通彻底删除成功', 1403724584, 1, '127.0.0.1', 1, 'DealCity', 'foreverdelete'),
(1477, '浙江设为默认城市', 1403724590, 1, '127.0.0.1', 1, 'DealCity', 'set_default'),
(1478, '五华区,呈贡区,盘龙区,官渡区,西山区,景洪,安宁市删除成功', 1403724608, 1, '127.0.0.1', 1, 'DealCityArea', 'delete'),
(1479, '呈贡区彻底删除成功', 1403724628, 1, '127.0.0.1', 1, 'DealCityArea', 'foreverdelete'),
(1480, '团购系统,测试,美食彻底删除成功', 1403724905, 1, '127.0.0.1', 1, 'DealCate', 'foreverdelete'),
(1481, '更新成功', 1403724960, 1, '127.0.0.1', 1, 'DealCate', 'update'),
(1482, '经济型酒店删除成功', 1403724970, 1, '127.0.0.1', 1, 'DealCate', 'delete'),
(1483, '豪华酒店删除成功', 1403724972, 1, '127.0.0.1', 1, 'DealCate', 'delete'),
(1484, '公寓酒店删除成功', 1403724973, 1, '127.0.0.1', 1, 'DealCate', 'delete'),
(1485, '度假酒店删除成功', 1403724974, 1, '127.0.0.1', 1, 'DealCate', 'delete'),
(1486, '主题酒店删除成功', 1403724975, 1, '127.0.0.1', 1, 'DealCate', 'delete'),
(1487, '个人体检套餐添加成功', 1403725601, 1, '127.0.0.1', 1, 'DealCate', 'insert'),
(1488, '职场白领体检套餐添加成功', 1403725781, 1, '127.0.0.1', 1, 'DealCate', 'insert'),
(1489, '职场白领体检套餐排序修改成功', 1403725793, 1, '127.0.0.1', 1, 'DealCate', 'set_sort'),
(1490, '职场白领体检套餐排序修改成功', 1403725801, 1, '127.0.0.1', 1, 'DealCate', 'set_sort'),
(1491, '老年体检套餐添加成功', 1403725861, 1, '127.0.0.1', 1, 'DealCate', 'insert'),
(1492, '疾病预防体检添加成功', 1403725912, 1, '127.0.0.1', 1, 'DealCate', 'insert'),
(1493, '团体体检套餐添加成功', 1403725942, 1, '127.0.0.1', 1, 'DealCate', 'insert'),
(1494, '老年体检套餐排序修改成功', 1403725976, 1, '127.0.0.1', 1, 'DealCate', 'set_sort'),
(1495, '产后体检套餐排序修改成功', 1403725986, 1, '127.0.0.1', 1, 'DealCate', 'set_sort'),
(1496, '个人体检套餐排序修改成功', 1403726007, 1, '127.0.0.1', 1, 'DealCate', 'set_sort'),
(1497, '个人体检套餐排序修改成功', 1403726009, 1, '127.0.0.1', 1, 'DealCate', 'set_sort'),
(1498, 'admin登录成功', 1403732622, 1, '127.0.0.1', 1, 'Public', 'do_login'),
(1499, '更新系统配置', 1403735427, 1, '127.0.0.1', 1, 'Conf', 'update'),
(1500, '端木赐百花蜂巢蜜 野生土蜂蜜纯天然农家自产成熟蜂蜜500g正品更新成功', 1403738507, 1, '127.0.0.1', 1, 'Deal', 'update'),
(1501, '端木赐百花蜂巢蜜 野生土蜂蜜纯天然农家自产成熟蜂蜜500g正品更新成功', 1403738525, 1, '127.0.0.1', 1, 'Deal', 'update'),
(1502, '山货铺更新成功', 1403747273, 1, '127.0.0.1', 1, 'Supplier', 'update'),
(1503, '山货铺更新成功', 1403747296, 1, '127.0.0.1', 1, 'Supplier', 'update'),
(1504, '爱票网,云南眼,回味时光彻底删除成功', 1403747305, 1, '127.0.0.1', 1, 'Supplier', 'foreverdelete'),
(1505, '山货铺更新成功', 1403747333, 1, '127.0.0.1', 1, 'SupplierAccount', 'update'),
(1506, '浙一医院添加成功', 1403747550, 1, '127.0.0.1', 1, 'SupplierLocation', 'insert'),
(1507, '云南眼人才网,昆明论坛,云南新闻,爱票网论坛,中国婚礼策划网,中国婚礼资讯网彻底删除成功', 1403747649, 1, '127.0.0.1', 1, 'Link', 'foreverdelete'),
(1508, '更新系统配置', 1403747740, 1, '127.0.0.1', 1, 'Conf', 'update'),
(1509, '易想团购系统,国内最优秀的PHP开源团购系统,测试一个问题答疑,记住今天！系统上线！2014.03.31,这个便宜啊！,这个平台是个人的吗？还是公司的？彻底删除成功', 1403747764, 1, '127.0.0.1', 1, 'Message', 'foreverdelete'),
(1510, '2014040101280677结单成功', 1403748181, 1, '127.0.0.1', 1, 'DealOrder', 'over_order'),
(1511, '2014040101371446结单成功', 1403748191, 1, '127.0.0.1', 1, 'DealOrder', 'over_order'),
(1512, '2014040302561636结单成功', 1403748197, 1, '127.0.0.1', 1, 'DealOrder', 'over_order'),
(1513, '2014040712223490结单成功', 1403748202, 1, '127.0.0.1', 1, 'DealOrder', 'over_order'),
(1514, '2014040101280677,2014040101371446,2014040302561636,2014040712223490删除成功', 1403748210, 1, '127.0.0.1', 1, 'DealOrder', 'delete'),
(1515, '2014040101280677,2014040101371446,2014040302561636,2014040712223490彻底删除成功', 1403748215, 1, '127.0.0.1', 1, 'DealOrder', 'foreverdelete'),
(1516, '2014062606021926结单成功', 1403748223, 1, '127.0.0.1', 1, 'DealOrder', 'over_order'),
(1517, '2014062606021926创建收款单2014062606062223收款成功', 1403748382, 1, '127.0.0.1', 1, 'DealOrder', 'do_incharge'),
(1518, '2014062606021926创建收款单2014062606065654收款成功', 1403748416, 1, '127.0.0.1', 1, 'DealOrder', 'do_incharge'),
(1519, '2014062606021926开放订单成功', 1403748438, 1, '127.0.0.1', 1, 'DealOrder', 'open_order'),
(1520, '2014062606021926创建收款单2014062606072472收款成功', 1403748444, 1, '127.0.0.1', 1, 'DealOrder', 'do_incharge'),
(1521, '2014062606021926结单成功', 1403748447, 1, '127.0.0.1', 1, 'DealOrder', 'over_order'),
(1522, 'admin登录成功', 1403756002, 1, '127.0.0.1', 1, 'Public', 'do_login'),
(1523, '端木赐百花蜂巢蜜 野生土蜂蜜纯天然农家自产成熟蜂蜜500g正品更新成功', 1403756013, 1, '127.0.0.1', 1, 'Deal', 'update'),
(1524, '更新系统配置', 1403756078, 1, '127.0.0.1', 1, 'Conf', 'update'),
(1525, '更新系统配置', 1403757122, 1, '127.0.0.1', 1, 'Conf', 'update'),
(1526, '分部添加成功', 1403758781, 1, '127.0.0.1', 1, 'SupplierLocation', 'insert'),
(1527, 'admin登录成功', 1403808454, 1, '127.0.0.1', 1, 'Public', 'do_login'),
(1528, '公园门票更新成功', 1403808889, 1, '127.0.0.1', 1, 'GoodsType', 'update'),
(1529, '模板更新成功', 1403809024, 1, '127.0.0.1', 1, 'GoodsTypeAttr', 'update'),
(1530, '空间大小彻底删除成功', 1403809072, 1, '127.0.0.1', 1, 'GoodsTypeAttr', 'foreverdelete'),
(1531, '随时退更新成功', 1403809123, 1, '127.0.0.1', 1, 'GoodsTypeAttr', 'update'),
(1532, '随时退更新成功', 1403809174, 1, '127.0.0.1', 1, 'GoodsTypeAttr', 'update'),
(1533, '端木赐百花蜂巢蜜 野生土蜂蜜纯天然农家自产成熟蜂蜜500g正品更新成功', 1403809194, 1, '127.0.0.1', 1, 'Deal', 'update'),
(1534, '更新系统配置', 1403809289, 1, '127.0.0.1', 1, 'Conf', 'update'),
(1535, '更新系统配置', 1403809330, 1, '127.0.0.1', 1, 'Conf', 'update'),
(1536, '更新系统配置', 1403809350, 1, '127.0.0.1', 1, 'Conf', 'update'),
(1537, '随时退更新成功', 1403809559, 1, '127.0.0.1', 1, 'GoodsTypeAttr', 'update'),
(1538, '端木赐百花蜂巢蜜 野生土蜂蜜纯天然农家自产成熟蜂蜜500g正品更新成功', 1403809582, 1, '127.0.0.1', 1, 'Deal', 'update'),
(1539, 'admin登录成功', 1403823922, 1, '127.0.0.1', 1, 'Public', 'do_login'),
(1540, '更新系统配置', 1403823942, 1, '127.0.0.1', 1, 'Conf', 'update'),
(1541, '更新系统配置', 1403823981, 1, '127.0.0.1', 1, 'Conf', 'update'),
(1542, '更新系统配置', 1403824035, 1, '127.0.0.1', 1, 'Conf', 'update'),
(1543, 'FW卸载成功', 1403824287, 1, '127.0.0.1', 1, 'Sms', 'uninstall'),
(1544, '15808715622,18042344388彻底删除成功', 1403824314, 1, '127.0.0.1', 1, 'MobileList', 'foreverdelete'),
(1545, '测试管理员更新成功', 1403824421, 1, '127.0.0.1', 1, 'Role', 'update'),
(1546, '更新系统配置', 1403824469, 1, '127.0.0.1', 1, 'Conf', 'update'),
(1547, '更新系统配置', 1403824487, 1, '127.0.0.1', 1, 'Conf', 'update'),
(1548, '892592266@qq.com,804811147@qq.com,14732058@qq.com,1346778@qq.com,85412@qq.com,7855444@qq.com彻底删除成功', 1403824533, 1, '127.0.0.1', 1, 'MailList', 'foreverdelete'),
(1549, 'ceshi添加成功', 1403825609, 1, '127.0.0.1', 1, 'Deal', 'insert'),
(1550, 'ceshi更新成功', 1403825947, 1, '127.0.0.1', 1, 'Deal', 'update'),
(1551, 'ceshi更新成功', 1403827564, 1, '127.0.0.1', 1, 'Deal', 'update'),
(1552, '浙一医院更新成功', 1403827659, 1, '127.0.0.1', 1, 'Supplier', 'update'),
(1553, 'admin登录成功', 1403836509, 1, '127.0.0.1', 1, 'Public', 'do_login');

-- --------------------------------------------------------

--
-- 表的结构 `tg_lottery`
--

CREATE TABLE IF NOT EXISTS `tg_lottery` (
  `id` int(11) NOT NULL AUTO_INCREMENT,
  `lottery_sn` varchar(255) NOT NULL,
  `deal_id` int(11) NOT NULL,
  `user_id` int(11) NOT NULL,
  `mobile` varchar(255) NOT NULL,
  `create_time` int(11) NOT NULL,
  `buyer_id` int(11) NOT NULL,
  PRIMARY KEY (`id`)
) ENGINE=MyISAM DEFAULT CHARSET=utf8 AUTO_INCREMENT=1 ;

-- --------------------------------------------------------

--
-- 表的结构 `tg_mail_list`
--

CREATE TABLE IF NOT EXISTS `tg_mail_list` (
  `id` int(11) NOT NULL AUTO_INCREMENT,
  `mail_address` varchar(255) NOT NULL,
  `city_id` int(11) NOT NULL,
  `code` varchar(255) NOT NULL,
  `is_effect` tinyint(1) NOT NULL,
  PRIMARY KEY (`id`),
  KEY `mail_address_idx` (`mail_address`)
) ENGINE=MyISAM  DEFAULT CHARSET=utf8 AUTO_INCREMENT=10 ;

--
-- 转存表中的数据 `tg_mail_list`
--

INSERT INTO `tg_mail_list` (`id`, `mail_address`, `city_id`, `code`, `is_effect`) VALUES
(9, 'itfooter@vip.qq.com', 16, '', 1);

-- --------------------------------------------------------

--
-- 表的结构 `tg_mail_server`
--

CREATE TABLE IF NOT EXISTS `tg_mail_server` (
  `id` int(11) NOT NULL AUTO_INCREMENT,
  `smtp_server` varchar(255) NOT NULL,
  `smtp_name` varchar(255) NOT NULL,
  `smtp_pwd` varchar(255) NOT NULL,
  `is_ssl` tinyint(1) NOT NULL,
  `smtp_port` varchar(255) NOT NULL,
  `use_limit` int(11) NOT NULL,
  `is_reset` tinyint(1) NOT NULL,
  `is_effect` tinyint(1) NOT NULL,
  `total_use` int(11) NOT NULL,
  `is_verify` tinyint(1) NOT NULL,
  PRIMARY KEY (`id`)
) ENGINE=MyISAM  DEFAULT CHARSET=utf8 AUTO_INCREMENT=9 ;

--
-- 转存表中的数据 `tg_mail_server`
--

INSERT INTO `tg_mail_server` (`id`, `smtp_server`, `smtp_name`, `smtp_pwd`, `is_ssl`, `smtp_port`, `use_limit`, `is_reset`, `is_effect`, `total_use`, `is_verify`) VALUES
(8, 'smtp.exmail.qq.com', 'piao@ynyan.cn', 'admin715622', 0, '25', 0, 1, 1, 21, 1);

-- --------------------------------------------------------

--
-- 表的结构 `tg_message`
--

CREATE TABLE IF NOT EXISTS `tg_message` (
  `id` int(11) NOT NULL AUTO_INCREMENT,
  `title` varchar(255) NOT NULL,
  `content` text NOT NULL,
  `create_time` int(11) NOT NULL,
  `update_time` int(11) NOT NULL,
  `admin_reply` text NOT NULL,
  `admin_id` int(11) NOT NULL,
  `rel_table` varchar(255) NOT NULL,
  `rel_id` int(11) NOT NULL,
  `user_id` int(11) NOT NULL,
  `pid` int(11) NOT NULL,
  `is_effect` tinyint(1) NOT NULL,
  `city_id` int(11) NOT NULL,
  `is_buy` tinyint(1) NOT NULL,
  `contact_name` varchar(255) NOT NULL,
  `contact` varchar(255) NOT NULL,
  `point` int(11) NOT NULL,
  PRIMARY KEY (`id`)
) ENGINE=MyISAM  DEFAULT CHARSET=utf8 AUTO_INCREMENT=8 ;

--
-- 转存表中的数据 `tg_message`
--

INSERT INTO `tg_message` (`id`, `title`, `content`, `create_time`, `update_time`, `admin_reply`, `admin_id`, `rel_table`, `rel_id`, `user_id`, `pid`, `is_effect`, `city_id`, `is_buy`, `contact_name`, `contact`, `point`) VALUES
(7, '还可以的', '还可以的', 1403748500, 0, '', 0, 'deal', 15, 34, 0, 0, 1, 1, '', '', 3);

-- --------------------------------------------------------

--
-- 表的结构 `tg_message_type`
--

CREATE TABLE IF NOT EXISTS `tg_message_type` (
  `id` int(11) NOT NULL AUTO_INCREMENT,
  `type_name` varchar(255) NOT NULL,
  `is_fix` tinyint(1) NOT NULL,
  `show_name` varchar(255) NOT NULL,
  `is_effect` tinyint(1) NOT NULL,
  `sort` int(11) NOT NULL,
  PRIMARY KEY (`id`)
) ENGINE=MyISAM  DEFAULT CHARSET=utf8 AUTO_INCREMENT=11 ;

--
-- 转存表中的数据 `tg_message_type`
--

INSERT INTO `tg_message_type` (`id`, `type_name`, `is_fix`, `show_name`, `is_effect`, `sort`) VALUES
(1, 'deal', 1, '问题答疑', 1, 0),
(2, 'deal_order', 1, '订单留言', 0, 0),
(3, 'feedback', 1, '意见反馈', 0, 0),
(4, 'seller', 1, '商务合作', 0, 0),
(6, 'tx', 1, '提现申请', 0, 0),
(7, 'deal_discuz', 0, '团购交易', 1, 1),
(5, 'after_sale', 0, '售后服务', 0, 2),
(8, 'before_sale', 0, '售前咨询', 1, 3),
(9, 'supplier', 1, '商户点评', 1, 0),
(10, 'faq', 1, '问题答疑', 1, 0);

-- --------------------------------------------------------

--
-- 表的结构 `tg_mobile_list`
--

CREATE TABLE IF NOT EXISTS `tg_mobile_list` (
  `id` int(11) NOT NULL AUTO_INCREMENT,
  `mobile` varchar(255) NOT NULL,
  `city_id` int(11) NOT NULL,
  `verify_code` varchar(255) NOT NULL,
  `is_effect` tinyint(1) NOT NULL,
  PRIMARY KEY (`id`),
  KEY `mobile_idx` (`mobile`)
) ENGINE=MyISAM  DEFAULT CHARSET=utf8 AUTO_INCREMENT=20 ;

--
-- 转存表中的数据 `tg_mobile_list`
--

INSERT INTO `tg_mobile_list` (`id`, `mobile`, `city_id`, `verify_code`, `is_effect`) VALUES
(19, '15988141763', 16, '', 1);

-- --------------------------------------------------------

--
-- 表的结构 `tg_msg_template`
--

CREATE TABLE IF NOT EXISTS `tg_msg_template` (
  `id` int(11) NOT NULL AUTO_INCREMENT,
  `name` varchar(255) NOT NULL,
  `content` text NOT NULL,
  `type` tinyint(1) NOT NULL,
  `is_html` tinyint(1) NOT NULL,
  PRIMARY KEY (`id`)
) ENGINE=MyISAM  DEFAULT CHARSET=utf8 AUTO_INCREMENT=15 ;

--
-- 转存表中的数据 `tg_msg_template`
--

INSERT INTO `tg_msg_template` (`id`, `name`, `content`, `type`, `is_html`) VALUES
(1, 'TPL_MAIL_COUPON', '{$coupon.user_name}你好! 你购买的{$coupon.deal_name}已购买成功，团购券序列号{$coupon.sn}密码{$coupon.password},有效期为{$coupon.begin_time_format}到{$coupon.end_time_format}', 1, 0),
(2, 'TPL_SMS_COUPON', '{$coupon.user_name}你好! 你购买的{$coupon.deal_sub_name}已购买成功，团购券序列号{$coupon.sn}密码{$coupon.password},有效期为{$coupon.begin_time_format}到{$coupon.end_time_format}', 0, 0),
(3, 'TPL_MAIL_USER_VERIFY', '{$user.user_name}你好，请点击以下链接验证你的会员身份\r\n</p>\r\n<a href=''{$user.verify_url}''>{$user.verify_url}</a>', 1, 1),
(4, 'TPL_MAIL_USER_PASSWORD', '{$user.user_name}你好，请点击以下链接修改您的密码\r\n</p>\r\n<a href=''{$user.password_url}''>{$user.password_url}</a>', 1, 1),
(5, 'TPL_SMS_PAYMENT', '{$payment_notice.user_name}你好,你所下订单{$payment_notice.order_sn}的收款单{$payment_notice.notice_sn}金额{$payment_notice.money_format}于{$payment_notice.pay_time_format}支付成功', 0, 0),
(6, 'TPL_MAIL_PAYMENT', '{$payment_notice.user_name}你好,你所下订单{$payment_notice.order_sn}的收款单{$payment_notice.notice_sn}金额{$payment_notice.money_format}于{$payment_notice.pay_time_format}支付成功', 1, 0),
(7, 'TPL_SMS_DELIVERY', '{$delivery_notice.user_name}你好,你所下订单{$delivery_notice.order_sn}的商品{$delivery_notice.deal_names}于{$delivery_notice.delivery_time_format}发货成功,发货单号{$delivery_notice.notice_sn}', 0, 0),
(8, 'TPL_MAIL_DELIVERY', '{$delivery_notice.user_name}你好,你所下订单{$delivery_notice.order_sn}的商品{$delivery_notice.deal_names}于{$delivery_notice.delivery_time_format}发货成功,发货单号{$delivery_notice.notice_sn}', 1, 0),
(9, 'TPL_SMS_VERIFY_CODE', '你的手机号为{$verify.mobile},验证码为{$verify.code}', 0, 0),
(10, 'TPL_DEAL_NOTICE_SMS', '{$notice.site_name}又有新团购啦!{$notice.deal_name},欢迎来抢团{$notice.site_url}', 0, 0),
(11, 'TPL_MAIL_UNSUBSCRIBE', '您好，您确定要退订{$mail.mail_address}吗？要退订请点击<a href="{$mail.url}">完成退订</a>', 1, 1),
(12, 'TPL_SMS_USE_COUPON', '{$coupon.user_name}你好! 你购买的{$coupon.deal_sub_name}，团购券{$coupon.sn}，已于{$coupon.confirm_time_format}使用', 0, 0),
(13, 'TPL_MAIL_USE_COUPON', '{$coupon.user_name}你好! 你购买的{$coupon.deal_name}，团购券{$coupon.sn}，已于{$coupon.confirm_time_format}使用', 1, 0),
(14, 'TPL_SMS_LOTTERY', '{$lottery.user_name}你好! 你参加的{$lottery.deal_sub_name}，抽奖号为{$lottery.lottery_sn}', 0, 0);

-- --------------------------------------------------------

--
-- 表的结构 `tg_nav`
--

CREATE TABLE IF NOT EXISTS `tg_nav` (
  `id` int(11) NOT NULL AUTO_INCREMENT,
  `name` varchar(255) NOT NULL,
  `url` varchar(255) NOT NULL,
  `blank` tinyint(1) NOT NULL,
  `sort` int(11) NOT NULL,
  `is_effect` tinyint(1) NOT NULL,
  `u_module` varchar(255) NOT NULL,
  `u_action` varchar(255) NOT NULL,
  `u_id` int(11) NOT NULL,
  `u_param` varchar(255) NOT NULL,
  PRIMARY KEY (`id`)
) ENGINE=MyISAM  DEFAULT CHARSET=utf8 AUTO_INCREMENT=12 ;

--
-- 转存表中的数据 `tg_nav`
--

INSERT INTO `tg_nav` (`id`, `name`, `url`, `blank`, `sort`, `is_effect`, `u_module`, `u_action`, `u_id`, `u_param`) VALUES
(1, '今日热卖', '', 0, 7, 1, 'index', '', 0, ''),
(2, '团购列表', '', 0, 6, 1, 'deals', 'index', 0, ''),
(3, '期待上线', '', 0, 5, 1, 'deals', 'notice', 0, ''),
(4, '玩转爱票', '', 0, 4, 0, 'article', '', 5, ''),
(5, '讨论', '', 0, 3, 0, 'message', '', 0, ''),
(6, '积分商城', '', 0, 2, 1, 'score', '', 0, ''),
(7, '备用菜单', '备用菜单', 0, 1, 0, '', '', 0, ''),
(9, '门票', '', 0, 7, 0, 'deal', '', 1, ''),
(10, '美食', '', 0, 9, 0, 'deal', '', 4, ''),
(11, '娱乐', '', 0, 8, 0, 'deal', '', 3, '');

-- --------------------------------------------------------

--
-- 表的结构 `tg_payment`
--

CREATE TABLE IF NOT EXISTS `tg_payment` (
  `id` int(11) NOT NULL AUTO_INCREMENT,
  `class_name` varchar(255) NOT NULL,
  `is_effect` tinyint(1) NOT NULL,
  `online_pay` tinyint(1) NOT NULL,
  `fee_amount` double(20,4) NOT NULL,
  `name` varchar(255) NOT NULL,
  `description` text NOT NULL,
  `total_amount` double(20,4) NOT NULL,
  `config` text NOT NULL,
  `logo` varchar(255) NOT NULL,
  `sort` int(11) NOT NULL,
  `fee_type` tinyint(1) NOT NULL,
  PRIMARY KEY (`id`)
) ENGINE=MyISAM  DEFAULT CHARSET=utf8 AUTO_INCREMENT=5 ;

--
-- 转存表中的数据 `tg_payment`
--

INSERT INTO `tg_payment` (`id`, `class_name`, `is_effect`, `online_pay`, `fee_amount`, `name`, `description`, `total_amount`, `config`, `logo`, `sort`, `fee_type`) VALUES
(1, 'Account', 1, 1, 0.0000, '余额支付', '', 8374.6000, 'N;', '', 1, 0),
(2, 'Alipay', 1, 1, 0.0000, '支付宝支付', '', 10162.4000, 'a:4:{s:14:"alipay_partner";s:16:"2088902167714342";s:14:"alipay_account";s:19:"edu@qiushizazhi.com";s:10:"alipay_key";s:32:"wuqw2t6t24gfbi8sb57ogb0rsnajjk2c";s:14:"alipay_service";s:1:"0";}', './public/attachment/201404/5339a1eaf2085.gif', 2, 0),
(4, 'Voucher', 1, 1, 0.0000, '代金券支付', '', 0.0000, 'N;', '', 3, 0);

-- --------------------------------------------------------

--
-- 表的结构 `tg_payment_notice`
--

CREATE TABLE IF NOT EXISTS `tg_payment_notice` (
  `id` int(11) NOT NULL AUTO_INCREMENT,
  `notice_sn` varchar(255) NOT NULL,
  `create_time` int(11) NOT NULL,
  `pay_time` int(11) NOT NULL,
  `order_id` int(11) NOT NULL,
  `is_paid` tinyint(1) NOT NULL,
  `user_id` int(11) NOT NULL,
  `payment_id` int(11) NOT NULL,
  `memo` text NOT NULL,
  `money` double(20,4) NOT NULL,
  `outer_notice_sn` varchar(255) NOT NULL,
  PRIMARY KEY (`id`),
  UNIQUE KEY `notice_sn_unk` (`notice_sn`)
) ENGINE=MyISAM  DEFAULT CHARSET=utf8 AUTO_INCREMENT=17 ;

--
-- 转存表中的数据 `tg_payment_notice`
--

INSERT INTO `tg_payment_notice` (`id`, `notice_sn`, `create_time`, `pay_time`, `order_id`, `is_paid`, `user_id`, `payment_id`, `memo`, `money`, `outer_notice_sn`) VALUES
(1, '20101113095231837', 1289584351, 1289584351, 1, 1, 1, 1, '', 1039.2000, ''),
(2, '20101113100225364', 1289584945, 1289584945, 2, 1, 1, 1, '', 799.2000, ''),
(3, '20101113101229793', 1289585549, 1289585559, 3, 1, 1, 2, '', 10000.0000, ''),
(4, '20101113101313121', 1289585593, 1289585593, 4, 1, 1, 1, '', 6393.6000, ''),
(5, '20101113104929756', 1289587769, 1289587769, 5, 1, 1, 1, '', 52.0000, ''),
(6, '20101113111632974', 1289589392, 1289589393, 6, 1, 1, 1, '', 0.8000, ''),
(7, '20101116112630678', 1289849190, 0, 7, 0, 1, 2, '', 1000.0000, ''),
(16, '2014062606072472', 1403748444, 1403748444, 13, 1, 34, 1, '顺风使舵', 79.8000, ''),
(15, '2014062606065654', 1403748416, 1403748416, 13, 1, 34, 2, '已收款', 79.8000, ''),
(14, '2014062606062223', 1403748382, 1403748382, 13, 1, 34, 2, '', 79.8000, ''),
(13, '2014062606021930', 1403748139, 0, 13, 0, 34, 2, '', 79.8000, '');

-- --------------------------------------------------------

--
-- 表的结构 `tg_promote`
--

CREATE TABLE IF NOT EXISTS `tg_promote` (
  `id` int(11) NOT NULL AUTO_INCREMENT,
  `class_name` varchar(255) NOT NULL,
  `sort` int(11) NOT NULL,
  `config` text NOT NULL,
  PRIMARY KEY (`id`)
) ENGINE=MyISAM  DEFAULT CHARSET=utf8 AUTO_INCREMENT=8 ;

-- --------------------------------------------------------

--
-- 表的结构 `tg_promote_msg`
--

CREATE TABLE IF NOT EXISTS `tg_promote_msg` (
  `id` int(11) NOT NULL AUTO_INCREMENT,
  `type` tinyint(1) NOT NULL,
  `title` varchar(255) NOT NULL,
  `content` text NOT NULL,
  `send_time` int(11) NOT NULL,
  `send_status` tinyint(1) NOT NULL,
  `deal_id` int(11) NOT NULL,
  `send_type` tinyint(1) NOT NULL,
  `send_type_id` int(11) NOT NULL,
  `send_define_data` text NOT NULL,
  `is_html` tinyint(1) NOT NULL,
  PRIMARY KEY (`id`)
) ENGINE=MyISAM  DEFAULT CHARSET=utf8 AUTO_INCREMENT=11 ;

-- --------------------------------------------------------

--
-- 表的结构 `tg_promote_msg_list`
--

CREATE TABLE IF NOT EXISTS `tg_promote_msg_list` (
  `id` int(11) NOT NULL AUTO_INCREMENT,
  `dest` varchar(255) NOT NULL,
  `send_type` tinyint(1) NOT NULL,
  `content` text NOT NULL,
  `title` varchar(255) NOT NULL,
  `send_time` int(11) NOT NULL,
  `is_send` tinyint(1) NOT NULL,
  `create_time` int(11) NOT NULL,
  `user_id` int(11) NOT NULL,
  `result` text NOT NULL,
  `is_success` tinyint(1) NOT NULL,
  `is_html` tinyint(1) NOT NULL,
  `msg_id` int(11) NOT NULL,
  PRIMARY KEY (`id`),
  KEY `dest_idx` (`dest`)
) ENGINE=MyISAM  DEFAULT CHARSET=utf8 AUTO_INCREMENT=5 ;

-- --------------------------------------------------------

--
-- 表的结构 `tg_referrals`
--

CREATE TABLE IF NOT EXISTS `tg_referrals` (
  `id` int(11) NOT NULL AUTO_INCREMENT,
  `user_id` int(11) NOT NULL,
  `rel_user_id` int(11) NOT NULL,
  `money` double(20,4) NOT NULL,
  `create_time` int(11) NOT NULL,
  `pay_time` int(11) NOT NULL,
  `order_id` int(11) NOT NULL,
  `score` int(11) NOT NULL,
  PRIMARY KEY (`id`)
) ENGINE=MyISAM  DEFAULT CHARSET=utf8 AUTO_INCREMENT=6 ;

-- --------------------------------------------------------

--
-- 表的结构 `tg_role`
--

CREATE TABLE IF NOT EXISTS `tg_role` (
  `id` int(11) NOT NULL AUTO_INCREMENT,
  `name` varchar(255) NOT NULL,
  `is_effect` tinyint(1) NOT NULL,
  `is_delete` tinyint(1) NOT NULL,
  PRIMARY KEY (`id`)
) ENGINE=MyISAM  DEFAULT CHARSET=utf8 AUTO_INCREMENT=5 ;

--
-- 转存表中的数据 `tg_role`
--

INSERT INTO `tg_role` (`id`, `name`, `is_effect`, `is_delete`) VALUES
(4, '管理员', 1, 0);

-- --------------------------------------------------------

--
-- 表的结构 `tg_role_access`
--

CREATE TABLE IF NOT EXISTS `tg_role_access` (
  `id` int(11) NOT NULL AUTO_INCREMENT,
  `role_id` int(11) NOT NULL,
  `node_id` int(11) NOT NULL,
  `module_id` int(11) NOT NULL,
  PRIMARY KEY (`id`)
) ENGINE=MyISAM  DEFAULT CHARSET=utf8 AUTO_INCREMENT=88 ;

-- --------------------------------------------------------

--
-- 表的结构 `tg_role_group`
--

CREATE TABLE IF NOT EXISTS `tg_role_group` (
  `id` int(11) NOT NULL AUTO_INCREMENT,
  `name` varchar(255) NOT NULL,
  `nav_id` int(11) NOT NULL COMMENT '后台导航分组ID',
  `is_delete` tinyint(1) NOT NULL,
  `is_effect` tinyint(1) NOT NULL,
  `sort` int(11) NOT NULL,
  PRIMARY KEY (`id`)
) ENGINE=MyISAM  DEFAULT CHARSET=utf8 AUTO_INCREMENT=58 ;

--
-- 转存表中的数据 `tg_role_group`
--

INSERT INTO `tg_role_group` (`id`, `name`, `nav_id`, `is_delete`, `is_effect`, `sort`) VALUES
(1, '首页', 1, 0, 1, 1),
(34, '套餐分类', 6, 0, 1, 12),
(5, '系统设置', 3, 0, 1, 1),
(7, '管理员', 3, 0, 1, 2),
(8, '数据库操作', 3, 0, 1, 6),
(9, '系统日志', 3, 0, 1, 7),
(10, '文章管理', 5, 0, 1, 8),
(11, '文章分类管理', 5, 0, 1, 9),
(12, '套餐管理', 6, 0, 1, 10),
(13, '类型属性', 6, 0, 1, 12),
(14, '供应商', 6, 0, 1, 11),
(15, '城市', 6, 0, 1, 13),
(16, '支付接口', 8, 0, 1, 14),
(17, '配送方式', 8, 0, 1, 15),
(18, '会员管理', 7, 0, 1, 16),
(19, '前端设置', 5, 0, 1, 17),
(20, '促销接口', 6, 1, 1, 18),
(21, '消息模板管理', 10, 0, 1, 19),
(22, '会员返利', 7, 0, 1, 20),
(23, '套餐订单', 8, 0, 1, 13),
(24, '充值订单', 8, 0, 1, 13),
(35, '会员配置', 7, 0, 1, 19),
(26, '消息留言分组', 7, 0, 1, 24),
(27, '消息留言管理', 7, 0, 1, 25),
(28, '邮件管理', 10, 0, 1, 26),
(29, '短信管理', 10, 0, 1, 27),
(30, '代金券', 7, 0, 1, 28),
(31, '广告设置', 5, 0, 1, 29),
(32, '会员整合', 7, 0, 1, 30),
(33, '队列管理', 10, 0, 1, 31),
(36, '友情链接', 5, 0, 1, 32),
(55, 'API登录', 7, 0, 1, 33),
(56, '区域管理', 6, 1, 1, 13),
(57, '点评评分分组管理', 6, 0, 1, 17);

-- --------------------------------------------------------

--
-- 表的结构 `tg_role_module`
--

CREATE TABLE IF NOT EXISTS `tg_role_module` (
  `id` int(11) NOT NULL AUTO_INCREMENT,
  `module` varchar(255) NOT NULL,
  `name` varchar(255) NOT NULL,
  `is_effect` tinyint(1) NOT NULL,
  `is_delete` tinyint(1) NOT NULL,
  PRIMARY KEY (`id`)
) ENGINE=MyISAM  DEFAULT CHARSET=utf8 AUTO_INCREMENT=80 ;

--
-- 转存表中的数据 `tg_role_module`
--

INSERT INTO `tg_role_module` (`id`, `module`, `name`, `is_effect`, `is_delete`) VALUES
(5, 'Role', '权限组别', 1, 0),
(6, 'Admin', '管理员', 1, 0),
(12, 'Conf', '系统配置', 1, 0),
(13, 'Database', '数据库', 1, 0),
(15, 'Log', '系统日志', 1, 0),
(17, 'Article', '文章模块', 1, 0),
(18, 'ArticleCate', '文章分类', 1, 0),
(19, 'File', '文件管理', 1, 0),
(20, 'DealCity', '团购城市', 1, 0),
(58, 'Index', '首页', 1, 0),
(22, 'Supplier', '供应商', 1, 0),
(25, 'SupplierAccount', '供应商帐号', 1, 0),
(24, 'SupplierLocation', '供应商分店与部门', 1, 0),
(26, 'GoodsType', '商品类型', 1, 0),
(27, 'GoodsTypeAttr', '商品类型属性', 1, 0),
(28, 'DealCate', '团购分类', 1, 0),
(29, 'Deal', '团购', 1, 0),
(30, 'DealCoupon', '团购券', 1, 0),
(31, 'WeightUnit', '重量单位', 1, 0),
(32, 'UserField', '会员字段', 1, 0),
(33, 'UserGroup', '会员组别', 1, 0),
(34, 'User', '会员', 1, 0),
(35, 'Delivery', '配送方式', 1, 0),
(36, 'Nav', '导航菜单', 1, 0),
(37, 'Payment', '支付方式', 1, 0),
(38, 'Promote', '促销接口', 1, 0),
(39, 'MsgTemplate', '消息模板', 1, 0),
(40, 'Referrals', '邀请返利', 1, 0),
(41, 'DealOrder', '订单模块', 1, 0),
(42, 'PaymentNotice', '收款单', 1, 0),
(44, 'MessageType', '消息留言分组', 1, 0),
(45, 'Message', '消息留言', 1, 0),
(46, 'MailList', '邮件订阅', 1, 0),
(47, 'MailServer', '邮件服务器', 1, 0),
(48, 'Sms', '短信接口', 1, 0),
(49, 'EcvType', '代金券类型', 1, 0),
(50, 'Ecv', '代金券', 1, 0),
(51, 'MobileList', '短信订阅列表', 1, 0),
(52, 'PromoteMsg', '推广邮件短信', 1, 0),
(53, 'Adv', '广告模块', 1, 0),
(54, 'Vote', '投票调查', 1, 0),
(55, 'Integrate', '会员整合', 1, 0),
(56, 'DealMsgList', '业务群发队列', 1, 0),
(57, 'PromoteMsgList', '推广群发队列', 1, 0),
(59, 'DeliveryRegion', '配送地区', 1, 0),
(60, 'LinkGroup', '友情链接分组', 1, 0),
(61, 'Link', '友情链接', 1, 0),
(77, 'ApiLogin', 'API登录', 1, 0),
(62, 'Express', '快递接口', 1, 0),
(63, 'DealCityArea', '区域管理', 1, 0),
(78, 'Broadcast', '广告轮播', 1, 0),
(79, 'CommentType', '团购点评分类', 1, 0);

-- --------------------------------------------------------

--
-- 表的结构 `tg_role_nav`
--

CREATE TABLE IF NOT EXISTS `tg_role_nav` (
  `id` int(11) NOT NULL AUTO_INCREMENT,
  `name` varchar(255) NOT NULL,
  `is_delete` tinyint(1) NOT NULL,
  `is_effect` tinyint(1) NOT NULL,
  `sort` int(11) NOT NULL,
  PRIMARY KEY (`id`)
) ENGINE=MyISAM  DEFAULT CHARSET=utf8 AUTO_INCREMENT=12 ;

--
-- 转存表中的数据 `tg_role_nav`
--

INSERT INTO `tg_role_nav` (`id`, `name`, `is_delete`, `is_effect`, `sort`) VALUES
(1, '首页', 0, 1, 1),
(3, '系统设置', 0, 1, 10),
(5, '前端设置', 0, 1, 3),
(6, '套餐管理', 0, 1, 2),
(7, '会员与留言', 0, 1, 4),
(8, '订单管理', 0, 1, 5),
(10, '短信邮件', 0, 1, 7);

-- --------------------------------------------------------

--
-- 表的结构 `tg_role_node`
--

CREATE TABLE IF NOT EXISTS `tg_role_node` (
  `id` int(11) NOT NULL AUTO_INCREMENT,
  `action` varchar(255) NOT NULL,
  `name` varchar(255) NOT NULL,
  `is_effect` tinyint(1) NOT NULL,
  `is_delete` tinyint(1) NOT NULL,
  `group_id` int(11) NOT NULL COMMENT '后台分组菜单分组ID',
  `module_id` int(11) NOT NULL,
  PRIMARY KEY (`id`)
) ENGINE=MyISAM  DEFAULT CHARSET=utf8 AUTO_INCREMENT=399 ;

--
-- 转存表中的数据 `tg_role_node`
--

INSERT INTO `tg_role_node` (`id`, `action`, `name`, `is_effect`, `is_delete`, `group_id`, `module_id`) VALUES
(334, 'main', '首页', 1, 0, 1, 58),
(11, 'index', '管理员分组列表', 1, 0, 7, 5),
(13, 'trash', '管理员分组回收站', 1, 0, 7, 5),
(14, 'index', '管理员列表', 1, 0, 7, 6),
(15, 'trash', '管理员回收站', 1, 0, 7, 6),
(16, 'index', '系统配置', 1, 0, 5, 12),
(17, 'index', '数据库备份列表', 1, 0, 8, 13),
(18, 'sql', 'SQL操作', 1, 0, 8, 13),
(19, 'index', '系统日志列表', 1, 0, 9, 15),
(20, 'index', '文章列表', 1, 0, 10, 17),
(21, 'index', '文章分类列表', 1, 0, 11, 18),
(22, 'trash', '文章分类回收站', 1, 0, 11, 18),
(23, 'trash', '文章回收站', 1, 0, 10, 17),
(24, 'do_upload', '编辑器图片上传', 1, 0, 0, 19),
(185, 'edit', '编辑页面', 1, 0, 0, 26),
(26, 'index', '城市列表', 1, 0, 15, 20),
(27, 'trash', '城市回收站', 1, 0, 15, 20),
(184, 'insert', '添加执行', 1, 0, 0, 26),
(183, 'add', '添加页面', 1, 0, 0, 26),
(30, 'index', '供应商列表', 1, 0, 14, 22),
(31, 'index', '供应商分店部门列表', 1, 0, 0, 24),
(32, 'index', '类型列表', 1, 0, 13, 26),
(33, 'index', '套餐分类列表', 1, 0, 34, 28),
(34, 'trash', '套餐分类回收站', 1, 0, 34, 28),
(35, 'index', '套餐列表', 1, 0, 12, 29),
(36, 'trash', '套餐回收站', 1, 0, 12, 29),
(37, 'index', '重量列表', 1, 0, 17, 31),
(38, 'index', '会员字段列表', 1, 0, 35, 32),
(39, 'index', '会员组别列表', 1, 0, 35, 33),
(40, 'index', '会员列表', 1, 0, 18, 34),
(41, 'trash', '会员回收站', 1, 0, 18, 34),
(42, 'index', '配送方式列表', 1, 0, 17, 35),
(43, 'index', '导航菜单列表', 1, 0, 19, 36),
(44, 'index', '支付接口列表', 1, 0, 16, 37),
(45, 'index', '促销接口列表', 1, 0, 20, 38),
(46, 'index', '消息模板管理', 1, 0, 21, 39),
(47, 'index', '邀请返利列表', 1, 0, 22, 40),
(48, 'incharge_index', '充值订单列表', 1, 0, 24, 41),
(49, 'incharge_trash', '充值订单回收站', 1, 0, 24, 41),
(50, 'deal_index', '套餐订单列表', 1, 0, 23, 41),
(51, 'deal_trash', '套餐订单回收站', 1, 0, 23, 41),
(52, 'index', '收款单列表', 1, 0, 23, 42),
(171, 'index', '代金券列表', 1, 0, 0, 50),
(54, 'index', '消息留言分组列表', 1, 0, 26, 44),
(55, 'index', '消息留言列表', 1, 0, 27, 45),
(56, 'index', '邮件订阅列表', 1, 0, 28, 46),
(57, 'index', '邮件服务器列表', 1, 0, 28, 47),
(58, 'index', '短信接口列表', 1, 0, 29, 48),
(59, 'index', '代金券类型列表', 1, 0, 30, 49),
(60, 'index', '短信订阅列表', 1, 0, 29, 51),
(61, 'mail_index', '邮件列表', 1, 0, 28, 52),
(62, 'sms_index', '短信列表', 1, 0, 29, 52),
(63, 'index', '广告列表', 1, 0, 31, 53),
(64, 'index', '投票调查列表', 1, 0, 19, 54),
(65, 'index', '会员整合插件', 1, 0, 32, 55),
(66, 'index', '业务队列列表', 1, 0, 33, 56),
(67, 'index', '推广队列列表', 1, 0, 33, 57),
(68, 'add', '添加页面', 1, 0, 0, 6),
(69, 'edit', '编辑页面', 1, 0, 0, 6),
(70, 'set_effect', '设置生效', 1, 0, 0, 6),
(71, 'add', '添加执行', 1, 0, 0, 6),
(72, 'update', '编辑执行', 1, 0, 0, 6),
(73, 'delete', '删除', 1, 0, 0, 6),
(74, 'restore', '恢复', 1, 0, 0, 6),
(75, 'foreverdelete', '永久删除', 1, 0, 0, 6),
(76, 'set_default', '设置默认管理员', 1, 0, 0, 6),
(77, 'add', '添加页面', 1, 0, 0, 53),
(78, 'edit', '编辑页面', 1, 0, 0, 53),
(79, 'update', '编辑执行', 1, 0, 0, 53),
(80, 'foreverdelete', '永久删除', 1, 0, 0, 53),
(81, 'set_effect', '设置生效', 1, 0, 0, 53),
(82, 'add', '添加页面', 1, 0, 0, 17),
(83, 'insert', '添加执行', 1, 0, 0, 17),
(84, 'edit', '编辑页面', 1, 0, 0, 17),
(85, 'update', '编辑执行', 1, 0, 0, 17),
(86, 'delete', '删除', 1, 0, 0, 17),
(87, 'restore', '恢复', 1, 0, 0, 17),
(88, 'foreverdelete', '永久删除', 1, 0, 0, 17),
(89, 'set_sort', '排序', 1, 0, 0, 17),
(90, 'set_effect', '设置生效', 1, 0, 0, 17),
(91, 'add', '添加页面', 1, 0, 0, 18),
(92, 'insert', '添加执行', 1, 0, 0, 18),
(93, 'edit', '编辑页面', 1, 0, 0, 18),
(94, 'update', '编辑执行', 1, 0, 0, 18),
(95, 'delete', '删除', 1, 0, 0, 18),
(96, 'restore', '恢复', 1, 0, 0, 18),
(97, 'foreverdelete', '永久删除', 1, 0, 0, 18),
(98, 'set_effect', '设置生效', 1, 0, 0, 18),
(99, 'update', '更新配置', 1, 0, 0, 12),
(100, 'dump', '备份数据', 1, 0, 0, 13),
(101, 'delete', '删除备份', 1, 0, 0, 13),
(102, 'restore', '恢复备份', 1, 0, 0, 13),
(103, 'load_file', '读取页面', 1, 0, 0, 53),
(104, 'load_adv_id', '读取广告位', 1, 0, 0, 53),
(105, 'execute', '执行SQL语句', 1, 0, 0, 13),
(106, 'getTables', '读取数据表', 1, 0, 0, 13),
(107, 'add', '添加页面', 1, 0, 0, 29),
(108, 'insert', '添加执行', 1, 0, 0, 29),
(109, 'edit', '编辑页面', 1, 0, 0, 29),
(110, 'update', '编辑执行', 1, 0, 0, 29),
(111, 'delete', '删除', 1, 0, 0, 29),
(112, 'restore', '恢复', 1, 0, 0, 29),
(113, 'foreverdelete', '永久删除', 1, 0, 0, 29),
(114, 'set_sort', '排序', 1, 0, 0, 29),
(115, 'set_effect', '设置生效', 1, 0, 0, 29),
(116, 'attr_html', '装载属性', 1, 0, 0, 29),
(117, 'show_detail', '套餐详情统计', 1, 0, 0, 29),
(118, 'add', '添加页面', 1, 0, 0, 28),
(119, 'insert', '添加执行', 1, 0, 0, 28),
(120, 'edit', '编辑页面', 1, 0, 0, 28),
(121, 'update', '编辑执行', 1, 0, 0, 28),
(122, 'delete', '删除', 1, 0, 0, 28),
(123, 'restore', '恢复', 1, 0, 0, 28),
(124, 'foreverdelete', '永久删除', 1, 0, 0, 20),
(125, 'set_effect', '设置生效', 1, 0, 0, 28),
(126, 'set_sort', '排序', 1, 0, 0, 28),
(127, 'add', '添加页面', 1, 0, 0, 20),
(128, 'insert', '添加执行', 1, 0, 0, 20),
(129, 'edit', '编辑页面', 1, 0, 0, 20),
(130, 'update', '编辑执行', 1, 0, 0, 20),
(131, 'delete', '删除', 1, 0, 0, 20),
(132, 'restore', '恢复', 1, 0, 0, 20),
(133, 'set_effect', '设置生效', 1, 0, 0, 20),
(134, 'set_default', '设为默认城市', 1, 0, 0, 20),
(135, 'index', '套餐券列表', 1, 0, 0, 30),
(136, 'add', '添加页面', 1, 0, 0, 30),
(137, 'insert', '添加执行', 1, 0, 0, 30),
(138, 'edit', '编辑页面', 1, 0, 0, 30),
(139, 'update', '编辑执行', 1, 0, 0, 30),
(140, 'foreverdelete', '永久删除', 1, 0, 0, 30),
(141, 'import', '导入页面', 1, 0, 0, 30),
(142, 'importInsert', '导入执行', 1, 0, 0, 30),
(143, 'sample', '下载样例', 1, 0, 0, 30),
(144, 'export_csv', '导出csv', 1, 0, 0, 30),
(145, 'mail', '邮件通知', 1, 0, 0, 30),
(146, 'sms', '短信通知', 1, 0, 0, 30),
(147, 'show_content', '显示内容', 1, 0, 0, 56),
(148, 'send', '手动发送', 1, 0, 0, 56),
(149, 'foreverdelete', '永久删除', 1, 0, 0, 56),
(150, 'export_csv', '导出csv', 1, 0, 0, 41),
(151, 'pay_incharge', '充值单管理员收款', 1, 0, 0, 41),
(152, 'delete', '删除', 1, 0, 0, 41),
(153, 'restore', '恢复', 1, 0, 0, 41),
(154, 'foreverdelete', '永久删除', 1, 0, 0, 41),
(155, 'view_order', '查看订单', 1, 0, 0, 41),
(156, 'delivery', '订单发货', 1, 0, 0, 41),
(157, 'do_delivery', '执行发货', 1, 0, 0, 41),
(158, 'over_order', '订单结单', 1, 0, 0, 41),
(159, 'order_incharge', '订单收款', 1, 0, 0, 41),
(160, 'do_incharge', '执行收款', 1, 0, 0, 41),
(161, 'admin_memo', '售后操作', 1, 0, 0, 41),
(162, 'add', '添加页面', 1, 0, 0, 35),
(163, 'insert', '添加执行', 1, 0, 0, 35),
(164, 'edit', '编辑页面', 1, 0, 0, 35),
(165, 'update', '编辑执行', 1, 0, 0, 35),
(166, 'foreverdelete', '永久删除', 1, 0, 0, 35),
(167, 'set_sort', '排序', 1, 0, 0, 35),
(168, 'set_effect', '设置生效', 1, 0, 0, 35),
(169, 'selectRegions', '选择配置地区', 1, 0, 0, 35),
(170, 'getSubRegion', '展开地区', 1, 0, 0, 35),
(172, 'export_csv', '导出csv', 1, 0, 0, 50),
(173, 'foreverdelete', '永久删除', 1, 0, 0, 50),
(174, 'add', '添加页面', 1, 0, 0, 49),
(175, 'insert', '添加执行', 1, 0, 0, 49),
(176, 'edit', '编辑页面', 1, 0, 0, 49),
(177, 'update', '编辑执行', 1, 0, 0, 49),
(178, 'foreverdelete', '永久删除', 1, 0, 0, 49),
(179, 'send', '发放页面', 1, 0, 0, 49),
(180, 'doSend', '发放执行', 1, 0, 0, 49),
(181, 'do_upload_img', '图片控件上传', 1, 0, 0, 19),
(182, 'deleteImg', '删除图片', 1, 0, 0, 19),
(186, 'update', '编辑执行', 1, 0, 0, 26),
(187, 'foreverdelete', '永久删除', 1, 0, 0, 26),
(188, 'index', '商品属性列表', 1, 0, 0, 27),
(189, 'add', '添加页面', 1, 0, 0, 27),
(190, 'insert', '添加执行', 1, 0, 0, 27),
(191, 'edit', '编辑页面', 1, 0, 0, 27),
(192, 'update', '编辑执行', 1, 0, 0, 27),
(193, 'foreverdelete', '永久删除', 1, 0, 0, 27),
(195, 'install', '安装页面', 1, 0, 0, 55),
(196, 'save', '保存', 1, 0, 0, 55),
(197, 'uninstall', '卸载', 1, 0, 0, 55),
(198, 'foreverdelete', '永久删除', 1, 0, 0, 15),
(199, 'add', '添加页面', 1, 0, 0, 46),
(200, 'insert', '添加执行', 1, 0, 0, 46),
(201, 'edit', '编辑页面', 1, 0, 0, 46),
(202, 'update', '编辑执行', 1, 0, 0, 46),
(203, 'set_effect', '设置生效', 1, 0, 0, 46),
(204, 'foreverdelete', '永久删除', 1, 0, 0, 46),
(205, 'add', '添加页面', 1, 0, 0, 47),
(206, 'insert', '添加执行', 1, 0, 0, 47),
(207, 'edit', '编辑页面', 1, 0, 0, 47),
(208, 'update', '编辑执行', 1, 0, 0, 47),
(209, 'set_effect', '设置生效', 1, 0, 0, 47),
(210, 'foreverdelete', '永久删除', 1, 0, 0, 47),
(211, 'send_demo', '发送测试邮件', 1, 0, 0, 47),
(212, 'edit', '查看留言', 1, 0, 0, 45),
(213, 'update', '回复留言', 1, 0, 0, 45),
(214, 'foreverdelete', '永久删除', 1, 0, 0, 45),
(215, 'add', '添加页面', 1, 0, 0, 44),
(216, 'insert', '添加执行', 1, 0, 0, 44),
(217, 'edit', '编辑页面', 1, 0, 0, 44),
(218, 'update', '编辑执行', 1, 0, 0, 44),
(219, 'foreverdelete', '永久删除', 1, 0, 0, 44),
(220, 'set_sort', '排序', 1, 0, 0, 44),
(221, 'add', '添加页面', 1, 0, 0, 51),
(222, 'insert', '添加执行', 1, 0, 0, 51),
(223, 'edit', '编辑页面', 1, 0, 0, 51),
(224, 'update', '编辑执行', 1, 0, 0, 51),
(225, 'foreverdelete', '永久删除', 1, 0, 0, 51),
(226, 'set_effect', '设置生效', 1, 0, 0, 51),
(227, 'load_tpl', '载入对应模板', 1, 0, 0, 39),
(228, 'update', '保存', 1, 0, 0, 39),
(229, 'edit', '编辑页面', 1, 0, 0, 36),
(230, 'update', '编辑执行', 1, 0, 0, 36),
(231, 'set_effect', '设置生效', 1, 0, 0, 36),
(232, 'set_sort', '排序', 1, 0, 0, 36),
(233, 'install', '安装页面', 1, 0, 0, 37),
(234, 'insert', '安装保存', 1, 0, 0, 37),
(235, 'edit', '编辑页面', 1, 0, 0, 37),
(236, 'update', '编辑执行', 1, 0, 0, 37),
(237, 'uninstall', '卸载', 1, 0, 0, 37),
(238, 'install', '安装', 1, 0, 0, 38),
(239, 'uninstall', '卸载', 1, 0, 0, 38),
(240, 'set_sort', '排序', 1, 0, 0, 38),
(241, 'add_mail', '添加邮件页面', 1, 0, 0, 52),
(242, 'add_sms', '添加短信页面', 1, 0, 0, 52),
(243, 'gen_deal_mail', '生成团购邮件', 1, 0, 0, 52),
(244, 'gen_deal_sms', '生成团购短信', 1, 0, 0, 52),
(245, 'insert_mail', '添加邮件执行', 1, 0, 0, 52),
(246, 'insert_sms', '添加短信执行', 1, 0, 0, 52),
(247, 'edit_mail', '编辑邮件页面', 1, 0, 0, 52),
(248, 'edit_sms', '编辑短信页面', 1, 0, 0, 52),
(249, 'update_mail', '编辑邮件执行', 1, 0, 0, 52),
(250, 'update_sms', '编辑短信执行', 1, 0, 0, 52),
(251, 'foreverdelete', '永久删除', 1, 0, 0, 52),
(252, 'show_content', '显示内容', 1, 0, 0, 57),
(253, 'send', '手动发送', 1, 0, 0, 57),
(254, 'foreverdelete', '永久删除', 1, 0, 0, 57),
(255, 'pay', '发放返利', 1, 0, 0, 40),
(256, 'foreverdelete', '永久删除', 1, 0, 0, 40),
(257, 'add', '添加页面', 1, 0, 0, 5),
(258, 'insert', '添加执行', 1, 0, 0, 5),
(259, 'edit', '编辑页面', 1, 0, 0, 5),
(260, 'update', '编辑执行', 1, 0, 0, 5),
(261, 'set_effect', '设置生效', 1, 0, 0, 5),
(262, 'delete', '删除', 1, 0, 0, 5),
(263, 'restore', '恢复', 1, 0, 0, 5),
(264, 'foreverdelete', '永久删除', 1, 0, 0, 5),
(265, 'insert', '安装页面', 1, 0, 0, 48),
(266, 'insert', '安装保存', 1, 0, 0, 48),
(267, 'edit', '编辑页面', 1, 0, 0, 48),
(268, 'update', '编辑执行', 1, 0, 0, 48),
(269, 'uninstall', '卸载', 1, 0, 0, 48),
(270, 'set_effect', '设置生效', 1, 0, 0, 48),
(271, 'send_demo', '发送测试短信', 1, 0, 0, 48),
(272, 'index', '供应商帐号列表', 1, 0, 0, 25),
(273, 'trash', '供应商帐号回收站', 1, 0, 0, 25),
(274, 'add', '添加页面', 1, 0, 0, 25),
(275, 'insert', '添加执行', 1, 0, 0, 25),
(276, 'edit', '编辑页面', 1, 0, 0, 25),
(277, 'update', '编辑执行', 1, 0, 0, 25),
(278, 'delete', '删除', 1, 0, 0, 25),
(279, 'restore', '恢复', 1, 0, 0, 25),
(280, 'foreverdelete', '永久删除', 1, 0, 0, 25),
(281, 'set_effect', '设置生效', 1, 0, 0, 25),
(282, 'add', '添加页面', 1, 0, 0, 22),
(283, 'insert', '添加执行', 1, 0, 0, 22),
(284, 'edit', '编辑页面', 1, 0, 0, 22),
(285, 'update', '编辑执行', 1, 0, 0, 22),
(286, 'set_sort', '排序', 1, 0, 0, 22),
(287, 'foreverdelete', '永久删除', 1, 0, 0, 22),
(288, 'add', '添加页面', 1, 0, 0, 24),
(289, 'insert', '添加执行', 1, 0, 0, 24),
(290, 'edit', '编辑页面', 1, 0, 0, 24),
(291, 'update', '编辑执行', 1, 0, 0, 24),
(292, 'foreverdelete', '永久删除', 1, 0, 0, 24),
(293, 'setMain', '设为默认', 1, 0, 0, 24),
(294, 'add', '添加页面', 1, 0, 0, 34),
(295, 'insert', '添加执行', 1, 0, 0, 34),
(296, 'edit', '编辑页面', 1, 0, 0, 34),
(297, 'update', '编辑执行', 1, 0, 0, 34),
(298, 'delete', '删除', 1, 0, 0, 34),
(299, 'restore', '恢复', 1, 0, 0, 34),
(300, 'foreverdelete', '永久删除', 1, 0, 0, 34),
(301, 'set_effect', '设置生效', 1, 0, 0, 34),
(302, 'account', '修改资金积分页面', 1, 0, 0, 34),
(303, 'modify_account', '修改资金积分执行', 1, 0, 0, 34),
(304, 'account_detail', '帐户详情', 1, 0, 0, 34),
(305, 'foreverdelete_account_detail', '永久删除帐户详情', 1, 0, 0, 34),
(306, 'export_csv', '导出csv', 1, 0, 0, 34),
(307, 'add', '添加页面', 1, 0, 0, 32),
(308, 'insert', '添加执行', 1, 0, 0, 32),
(309, 'edit', '编辑页面', 1, 0, 0, 32),
(310, 'update', '编辑执行', 1, 0, 0, 32),
(311, 'foreverdelete', '永久删除', 1, 0, 0, 32),
(312, 'set_sort', '排序', 1, 0, 0, 32),
(313, 'add', '添加页面', 1, 0, 0, 33),
(314, 'insert', '添加执行', 1, 0, 0, 33),
(315, 'edit', '编辑页面', 1, 0, 0, 33),
(316, 'update', '编辑执行', 1, 0, 0, 33),
(317, 'foreverdelete', '永久删除', 1, 0, 0, 33),
(318, 'add', '添加页面', 1, 0, 0, 54),
(319, 'insert', '添加执行', 1, 0, 0, 54),
(320, 'edit', '编辑页面', 1, 0, 0, 54),
(321, 'update', '编辑执行', 1, 0, 0, 54),
(322, 'foreverdelete', '永久删除', 1, 0, 0, 54),
(323, 'set_effect', '设置生效', 1, 0, 0, 54),
(324, 'set_sort', '排序', 1, 0, 0, 54),
(325, 'vote_ask', '编辑问卷', 1, 0, 0, 54),
(326, 'add_ask_row', '添加问题', 1, 0, 0, 54),
(327, 'do_vote_ask', '保存问卷', 1, 0, 0, 54),
(328, 'vote_result', '查看结果', 1, 0, 0, 54),
(329, 'add', '添加页面', 1, 0, 0, 31),
(330, 'insert', '添加执行', 1, 0, 0, 31),
(331, 'edit', '编辑页面', 1, 0, 0, 31),
(332, 'update', '编辑执行', 1, 0, 0, 31),
(333, 'foreverdelete', '永久删除', 1, 0, 0, 31),
(335, 'index', '配送地区列表', 1, 0, 17, 59),
(336, 'add', '添加页面', 1, 0, 0, 59),
(337, 'insert', '添加执行', 1, 0, 0, 59),
(338, 'edit', '编辑页面', 1, 0, 0, 59),
(339, 'update', '编辑执行', 1, 0, 0, 59),
(340, 'foreverdelete', '永久删除', 1, 0, 0, 59),
(341, 'index', '友情链接分组列表', 1, 0, 36, 60),
(342, 'index', '友情链接列表', 1, 0, 36, 61),
(343, 'add', '添加页面', 1, 0, 0, 60),
(344, 'insert', '添加提交', 1, 0, 0, 60),
(345, 'edit', '编辑页面', 1, 0, 0, 60),
(346, 'update', '编辑提交', 1, 0, 0, 60),
(347, 'set_effect', '设置有效性', 1, 0, 0, 60),
(348, 'set_sort', '设置排序', 1, 0, 0, 60),
(349, 'foreverdelete', '永久删除', 1, 0, 0, 60),
(350, 'add', '添加页面', 1, 0, 0, 61),
(351, 'insert', '添加提交', 1, 0, 0, 61),
(352, 'edit', '编辑页面', 1, 0, 0, 61),
(353, 'update', '编辑提交', 1, 0, 0, 61),
(354, 'set_effect', '设置有效性', 1, 0, 0, 61),
(355, 'set_sort', '设置排序', 1, 0, 0, 61),
(356, 'foreverdelete', '永久删除', 1, 0, 0, 61),
(357, 'set_sort', '设置排序', 1, 0, 0, 18),
(358, 'index', 'API插件列表', 1, 0, 55, 77),
(359, 'install', 'API插件安装', 1, 0, 0, 77),
(360, 'uninstall', 'API插件卸载', 1, 0, 0, 77),
(361, 'insert', 'API插件安装提交', 1, 0, 0, 77),
(362, 'edit', 'API插件编辑', 1, 0, 0, 77),
(363, 'update', 'API插件编辑提交', 1, 0, 0, 77),
(364, 'export_csv', '邮件导出', 1, 0, 0, 46),
(365, 'import_csv', '邮件导入页', 1, 0, 0, 46),
(366, 'do_import_csv', '邮件导入', 1, 0, 0, 46),
(367, 'export_csv', '手机号码导出', 1, 0, 0, 51),
(368, 'do_import_csv', '手机号码导入', 1, 0, 0, 51),
(369, 'import_csv', '手机号码导入页', 1, 0, 0, 51),
(370, 'open_order', '开放订单', 1, 0, 0, 41),
(371, 'set_effect', '设为品牌商户', 1, 0, 0, 22),
(372, 'index', '快递接口列表', 1, 0, 17, 62),
(373, 'install', '快递接口安装', 1, 0, 0, 62),
(374, 'insert', '执行安装', 1, 0, 0, 62),
(375, 'edit', '快递接口编辑', 1, 0, 0, 62),
(376, 'update', '执行编辑', 1, 0, 0, 62),
(377, 'uninstall', '卸载', 1, 0, 0, 62),
(378, 'eprint', '打印', 1, 0, 0, 62),
(379, 'load_batch_delivery', '批量发货', 1, 0, 0, 41),
(380, 'do_batch_delivery', '执行发货', 1, 0, 0, 41),
(381, 'lottery_index', '抽奖号列表', 1, 0, 23, 41),
(382, 'del_lottery', '删除抽奖号', 1, 0, 0, 41),
(383, 'coupon', '第三方验证日志', 1, 0, 9, 15),
(384, 'import_mail', 'edm邮件导入', 1, 0, 0, 52),
(385, 'referer', '来路统计', 1, 0, 23, 41),
(386, 'index', '区域列表', 0, 1, 56, 63),
(387, 'trash', '区域回收站', 0, 1, 56, 63),
(389, 'add', '添加页面', 1, 0, 0, 63),
(390, 'insert', '添加执行', 1, 0, 0, 63),
(391, 'edit', '编辑页面', 1, 0, 0, 63),
(392, 'update', '编辑执行', 1, 0, 0, 63),
(393, 'delete', '删除', 1, 0, 0, 63),
(394, 'restore', '恢复', 1, 0, 0, 63),
(395, 'foreverdelete', '永久删除', 1, 0, 0, 63),
(396, 'index', '广告轮播', 1, 0, 31, 78),
(397, 'publish', '商家提交', 1, 1, 12, 29),
(398, 'index', '分组列表', 1, 0, 57, 79);

-- --------------------------------------------------------

--
-- 表的结构 `tg_sms`
--

CREATE TABLE IF NOT EXISTS `tg_sms` (
  `id` int(11) NOT NULL AUTO_INCREMENT,
  `name` varchar(255) NOT NULL,
  `description` text NOT NULL,
  `class_name` varchar(255) NOT NULL,
  `server_url` text NOT NULL,
  `user_name` varchar(255) NOT NULL,
  `password` varchar(255) NOT NULL,
  `config` text NOT NULL,
  `is_effect` tinyint(1) NOT NULL,
  PRIMARY KEY (`id`)
) ENGINE=MyISAM  DEFAULT CHARSET=utf8 AUTO_INCREMENT=9 ;

-- --------------------------------------------------------

--
-- 表的结构 `tg_supplier`
--

CREATE TABLE IF NOT EXISTS `tg_supplier` (
  `id` int(11) NOT NULL AUTO_INCREMENT,
  `name` varchar(255) NOT NULL,
  `preview` varchar(255) NOT NULL,
  `content` text NOT NULL,
  `cate_id` int(11) NOT NULL,
  `sort` int(11) NOT NULL,
  `is_effect` tinyint(1) NOT NULL,
  `city_id` int(11) NOT NULL,
  PRIMARY KEY (`id`)
) ENGINE=MyISAM  DEFAULT CHARSET=utf8 AUTO_INCREMENT=9 ;

--
-- 转存表中的数据 `tg_supplier`
--

INSERT INTO `tg_supplier` (`id`, `name`, `preview`, `content`, `cate_id`, `sort`, `is_effect`, `city_id`) VALUES
(8, '浙一医院', './public/attachment/201404/533eff1b746f7.png', '<img height="500" src="http://p0.meituan.net/deal/__33557629__7167410.jpg" alt="美团图" class="standard-image" />', 7, 4, 1, 1);

-- --------------------------------------------------------

--
-- 表的结构 `tg_supplier_account`
--

CREATE TABLE IF NOT EXISTS `tg_supplier_account` (
  `id` int(11) NOT NULL AUTO_INCREMENT,
  `account_name` varchar(255) NOT NULL,
  `account_password` varchar(255) NOT NULL,
  `supplier_id` int(11) NOT NULL,
  `is_effect` tinyint(1) NOT NULL,
  `is_delete` tinyint(1) NOT NULL,
  `description` text NOT NULL,
  `login_ip` varchar(255) NOT NULL,
  `login_time` int(11) NOT NULL,
  `update_time` int(11) NOT NULL,
  `allow_delivery` tinyint(1) NOT NULL,
  PRIMARY KEY (`id`),
  UNIQUE KEY `unk_account_name` (`account_name`)
) ENGINE=MyISAM  DEFAULT CHARSET=utf8 AUTO_INCREMENT=8 ;

--
-- 转存表中的数据 `tg_supplier_account`
--

INSERT INTO `tg_supplier_account` (`id`, `account_name`, `account_password`, `supplier_id`, `is_effect`, `is_delete`, `description`, `login_ip`, `login_time`, `update_time`, `allow_delivery`) VALUES
(7, '浙一医院', '5b40aae5f3c815d111c821b40e93e762', 8, 1, 0, '密码为piao', '', 0, 1403747333, 0);

-- --------------------------------------------------------

--
-- 表的结构 `tg_supplier_location`
--

CREATE TABLE IF NOT EXISTS `tg_supplier_location` (
  `id` int(11) NOT NULL AUTO_INCREMENT,
  `name` varchar(255) NOT NULL,
  `route` text NOT NULL,
  `address` text NOT NULL,
  `tel` varchar(255) NOT NULL,
  `contact` varchar(255) NOT NULL,
  `xpoint` varchar(255) NOT NULL,
  `ypoint` varchar(255) NOT NULL,
  `supplier_id` int(11) NOT NULL,
  `open_time` varchar(255) NOT NULL,
  `brief` text NOT NULL,
  `is_main` tinyint(1) NOT NULL,
  `api_address` text NOT NULL,
  PRIMARY KEY (`id`)
) ENGINE=MyISAM  DEFAULT CHARSET=utf8 AUTO_INCREMENT=9 ;

--
-- 转存表中的数据 `tg_supplier_location`
--

INSERT INTO `tg_supplier_location` (`id`, `name`, `route`, `address`, `tel`, `contact`, `xpoint`, `ypoint`, `supplier_id`, `open_time`, `brief`, `is_main`, `api_address`) VALUES
(7, '浙一医院', '途经公交车：14路, 18路, 21路, 30路, 62路, 68路, 401路, 517路, 591路, 591医院专线', '浙江省杭州市庆春路79号', '87236352', '', '120.184563', '30.263343', 8, '', '', 1, '浙江省杭州市庆春路79号'),
(8, '分部', '', '滨江区江南大道318号', '', '', '120.214808', '30.211613', 8, '', '', 0, '滨江区江南大道318号');

-- --------------------------------------------------------

--
-- 表的结构 `tg_user`
--

CREATE TABLE IF NOT EXISTS `tg_user` (
  `id` int(11) NOT NULL AUTO_INCREMENT,
  `user_name` varchar(255) NOT NULL,
  `user_pwd` varchar(255) NOT NULL,
  `create_time` int(11) NOT NULL,
  `update_time` int(11) NOT NULL,
  `login_ip` varchar(255) NOT NULL,
  `group_id` int(11) NOT NULL,
  `is_effect` tinyint(1) NOT NULL,
  `is_delete` tinyint(1) NOT NULL,
  `email` varchar(255) NOT NULL,
  `mobile` varchar(255) NOT NULL,
  `score` int(11) NOT NULL,
  `money` double(20,4) NOT NULL,
  `verify` varchar(255) NOT NULL,
  `code` varchar(255) NOT NULL COMMENT '登录用的标识码',
  `pid` int(11) NOT NULL,
  `login_time` int(11) NOT NULL,
  `referral_count` int(11) NOT NULL,
  `password_verify` varchar(255) NOT NULL,
  `integrate_id` int(11) NOT NULL,
  `sina_id` varchar(255) NOT NULL,
  `renren_id` int(11) NOT NULL,
  `kaixin_id` int(11) NOT NULL,
  `sohu_id` int(11) NOT NULL,
  `lottery_mobile` varchar(255) NOT NULL,
  `lottery_verify` varchar(255) NOT NULL,
  `verify_create_time` int(11) NOT NULL,
  `tencent_id` varchar(255) NOT NULL,
  `login_pay_time` int(11) NOT NULL,
  `referer` varchar(255) NOT NULL,
  `qq_id` varchar(255) NOT NULL,
  `t_access_token` varchar(255) NOT NULL,
  `t_openkey` varchar(255) NOT NULL,
  `t_openid` varchar(255) NOT NULL,
  `is_syn_tencent` tinyint(1) NOT NULL,
  PRIMARY KEY (`id`),
  UNIQUE KEY `unk_user_name` (`user_name`)
) ENGINE=MyISAM  DEFAULT CHARSET=utf8 AUTO_INCREMENT=35 ;

--
-- 转存表中的数据 `tg_user`
--

INSERT INTO `tg_user` (`id`, `user_name`, `user_pwd`, `create_time`, `update_time`, `login_ip`, `group_id`, `is_effect`, `is_delete`, `email`, `mobile`, `score`, `money`, `verify`, `code`, `pid`, `login_time`, `referral_count`, `password_verify`, `integrate_id`, `sina_id`, `renren_id`, `kaixin_id`, `sohu_id`, `lottery_mobile`, `lottery_verify`, `verify_create_time`, `tencent_id`, `login_pay_time`, `referer`, `qq_id`, `t_access_token`, `t_openkey`, `t_openid`, `is_syn_tencent`) VALUES
(12, 'yuefeng', 'e10adc3949ba59abbe56e057f20f883e', 0, 0, '60.181.44.89', 1, 1, 0, '8888544@qq.com', '', 0, 0.0000, '', '', 0, 1396247756, 0, '', 0, '', 0, 0, 0, '', '', 0, '', 0, '', '', '', '', '', 0),
(13, '木槿', '4d8030c119b0c00902849c09cbf511d5', 0, 0, '116.249.5.109', 1, 1, 0, '2214032960@qq.com', '15808715622', 0, 10.0000, '', '', 0, 1396775737, 0, '', 0, '', 0, 0, 0, '', '', 0, '', 0, '', '', '', '', '', 0),
(14, '云南眼', '17e5b6086c1c9a9218a1a0153779e423', 1396242582, 1396242582, '116.249.5.104', 1, 1, 0, '892592266@qq.com', '15808715622', 0, 0.0000, '', '', 0, 1396777262, 0, '', 0, '', 0, 0, 0, '', '', 0, '', 0, '', '', '', '', '', 0),
(15, '似笑非笑', '', 0, 0, '', 1, 1, 0, '505479014@qq.com', '', 0, 0.0000, '', '', 0, 0, 0, '', 0, '', 0, 0, 0, '', '', 0, '', 0, '', '', '', '', '', 0),
(16, 'ynyan', '810c6a29c2992bce5a9110b587d558b0', 0, 0, '116.249.5.101', 1, 1, 0, '130131960@qq.com', '15808715622', 1, 0.0000, '', '', 0, 1396815724, 0, '', 0, '', 0, 0, 0, '', '', 0, '', 0, '', '', '', '', '', 0),
(17, '八中石桥', '', 0, 0, '', 1, 1, 0, '2021811343@qq.com', '', 0, 0.0000, '', '', 0, 0, 0, '', 0, '', 0, 0, 0, '', '', 0, '', 0, '', '', '', '', '', 0),
(18, 'Belongto田木', '', 0, 0, '', 1, 1, 0, '1464796985@qq.com', '', 0, 0.0000, '', '', 0, 0, 0, '', 0, '', 0, 0, 0, '', '', 0, '', 0, '', '', '', '', '', 0),
(19, '是我是我还是我', '', 0, 0, '', 1, 1, 0, '75978498@qq.com', '', 0, 0.0000, '', '', 0, 0, 0, '', 0, '', 0, 0, 0, '', '', 0, '', 0, '', '', '', '', '', 0),
(20, '1937623859', '', 0, 0, '', 1, 1, 0, '1937623859@qq.com', '', 0, 0.0000, '', '', 0, 0, 0, '', 0, '', 0, 0, 0, '', '', 0, '', 0, '', '', '', '', '', 0),
(21, '何处天涯', '', 0, 0, '', 1, 1, 0, '1031806844@qq.com', '', 0, 0.0000, '', '', 0, 0, 0, '', 0, '', 0, 0, 0, '', '', 0, '', 0, '', '', '', '', '', 0),
(22, 'netdiv', '385617f5e04e74c51b47411269946a29', 1396418220, 1396418220, '60.181.41.188', 1, 1, 0, '804811147@qq.com', '18042344388', 0, 0.0000, '', '', 0, 1396418221, 0, '', 0, '', 0, 0, 0, '', '', 0, '', 0, '', '', '', '', '', 0),
(23, 'Damon', '', 0, 0, '', 1, 1, 0, '819499428@qq.com', '', 0, 0.0000, '', '', 0, 0, 0, '', 0, '', 0, 0, 0, '', '', 0, '', 0, '', '', '', '', '', 0),
(24, '小尺寸', '', 0, 0, '', 1, 1, 0, '2017409849@qq.com', '', 0, 0.0000, '', '', 0, 0, 0, '', 0, '', 0, 0, 0, '', '', 0, '', 0, '', '', '', '', '', 0),
(25, '丁_冬', '', 0, 0, '', 1, 1, 0, '898983147@qq.com', '', 0, 0.0000, '', '', 0, 0, 0, '', 0, '', 0, 0, 0, '', '', 0, '', 0, '', '', '', '', '', 0),
(26, '云南映象', '', 0, 0, '', 1, 1, 0, '316837719@qq.com', '', 0, 0.0000, '', '', 0, 0, 0, '', 0, '', 0, 0, 0, '', '', 0, '', 0, '', '', '', '', '', 0),
(27, '小鱼safiyyah', '', 0, 0, '', 1, 1, 0, 'safiyyah@qq.com', '', 0, 0.0000, '', '', 0, 0, 0, '', 0, '', 0, 0, 0, '', '', 0, '', 0, '', '', '', '', '', 0),
(28, '春城愚翁', '', 0, 0, '', 1, 1, 0, '2730244573@qq.com', '', 0, 0.0000, '', '', 0, 0, 0, '', 0, '', 0, 0, 0, '', '', 0, '', 0, '', '', '', '', '', 0),
(29, '黑是粉红的白', '', 0, 0, '', 1, 1, 0, '765210725@qq.com', '', 0, 0.0000, '', '', 0, 0, 0, '', 0, '', 0, 0, 0, '', '', 0, '', 0, '', '', '', '', '', 0),
(30, '中国婚礼策划网', '', 0, 0, '', 1, 1, 0, '1195451257@qq.com', '', 0, 0.0000, '', '', 0, 0, 0, '', 0, '', 0, 0, 0, '', '', 0, '', 0, '', '', '', '', '', 0),
(31, '手链', '', 0, 0, '', 1, 1, 0, '1295351744@qq.com', '', 0, 0.0000, '', '', 0, 0, 0, '', 0, '', 0, 0, 0, '', '', 0, '', 0, '', '', '', '', '', 0),
(32, 'rocket', '', 0, 0, '', 1, 1, 0, 'rocket@163.com', '', 0, 0.0000, '', '', 0, 0, 0, '', 0, '', 0, 0, 0, '', '', 0, '', 0, '', '', '', '', '', 0),
(33, 'liho5188', '', 0, 0, '', 1, 1, 0, 'lihofa55688@163.com', '', 0, 0.0000, '', '', 0, 0, 0, '', 0, '', 0, 0, 0, '', '', 0, '', 0, '', '', '', '', '', 0),
(34, 'itfooter', 'c3bfddf6da6573e03280a8db6ff394c7', 1403668383, 1403668383, '127.0.0.1', 1, 1, 0, 'itfooter@vip.qq.com', '15988141763', 0, 79.8000, '', '', 0, 1403835980, 0, '', 0, '', 0, 0, 0, '', '', 0, '', 0, '', '', '', '', '', 0);

-- --------------------------------------------------------

--
-- 表的结构 `tg_user_consignee`
--

CREATE TABLE IF NOT EXISTS `tg_user_consignee` (
  `id` int(11) NOT NULL AUTO_INCREMENT,
  `user_id` int(11) NOT NULL,
  `region_lv1` int(11) NOT NULL,
  `region_lv2` int(11) NOT NULL,
  `region_lv3` int(11) NOT NULL,
  `region_lv4` int(11) NOT NULL,
  `address` text NOT NULL,
  `mobile` varchar(255) NOT NULL,
  `zip` varchar(255) NOT NULL,
  `consignee` varchar(255) NOT NULL,
  PRIMARY KEY (`id`)
) ENGINE=MyISAM  DEFAULT CHARSET=utf8 AUTO_INCREMENT=15 ;

--
-- 转存表中的数据 `tg_user_consignee`
--

INSERT INTO `tg_user_consignee` (`id`, `user_id`, `region_lv1`, `region_lv2`, `region_lv3`, `region_lv4`, `address`, `mobile`, `zip`, `consignee`) VALUES
(12, 1, 1, 4, 53, 518, '易想地址信息', '13333333333', '350000', '易想收货人'),
(14, 16, 1, 30, 367, 3101, '云南省昆明市龙泉路237号春园六栋三单元5楼', '15808715622', '650000', '许经理');

-- --------------------------------------------------------

--
-- 表的结构 `tg_user_extend`
--

CREATE TABLE IF NOT EXISTS `tg_user_extend` (
  `id` int(11) NOT NULL AUTO_INCREMENT,
  `field_id` int(11) NOT NULL,
  `user_id` int(11) NOT NULL,
  `value` varchar(255) NOT NULL,
  PRIMARY KEY (`id`)
) ENGINE=MyISAM  DEFAULT CHARSET=utf8 AUTO_INCREMENT=57 ;

--
-- 转存表中的数据 `tg_user_extend`
--

INSERT INTO `tg_user_extend` (`id`, `field_id`, `user_id`, `value`) VALUES
(1, 1, 1, '其他'),
(2, 3, 1, '男'),
(3, 4, 1, '11111111'),
(4, 5, 1, 'easethink@msn.com'),
(5, 1, 2, '学生'),
(6, 3, 2, '男'),
(7, 4, 2, 'fwfw'),
(8, 5, 2, 'fwfw'),
(9, 1, 3, '学生'),
(10, 3, 3, '男'),
(11, 4, 3, 'fwfw'),
(12, 5, 3, 'fwfw'),
(13, 1, 4, '学生'),
(14, 3, 4, '男'),
(15, 4, 4, 'fwfw'),
(16, 5, 4, 'fwfw'),
(17, 1, 5, '学生'),
(18, 3, 5, '男'),
(19, 4, 5, '1111'),
(20, 5, 5, '1111'),
(21, 1, 6, '学生'),
(22, 3, 6, '男'),
(23, 4, 6, 'fwfw'),
(24, 5, 6, 'fwfw'),
(40, 5, 10, 'ffff'),
(39, 4, 10, 'ffff'),
(38, 3, 10, '男'),
(37, 1, 10, '学生'),
(45, 1, 14, '政府'),
(46, 3, 14, '男'),
(47, 4, 14, '892592266'),
(48, 5, 14, ''),
(49, 1, 22, '学生'),
(50, 3, 22, '男'),
(51, 4, 22, '804811147'),
(52, 5, 22, 'nnnn'),
(53, 1, 34, '学生'),
(54, 3, 34, '男'),
(55, 4, 34, ''),
(56, 5, 34, '');

-- --------------------------------------------------------

--
-- 表的结构 `tg_user_field`
--

CREATE TABLE IF NOT EXISTS `tg_user_field` (
  `id` int(11) NOT NULL AUTO_INCREMENT,
  `field_name` varchar(255) NOT NULL,
  `field_show_name` varchar(255) NOT NULL,
  `input_type` tinyint(1) NOT NULL,
  `value_scope` text NOT NULL,
  `is_must` tinyint(1) NOT NULL,
  `sort` int(11) NOT NULL,
  PRIMARY KEY (`id`),
  UNIQUE KEY `unk_field_name` (`field_name`)
) ENGINE=MyISAM  DEFAULT CHARSET=utf8 AUTO_INCREMENT=7 ;

--
-- 转存表中的数据 `tg_user_field`
--

INSERT INTO `tg_user_field` (`id`, `field_name`, `field_show_name`, `input_type`, `value_scope`, `is_must`, `sort`) VALUES
(1, 'job', '职业', 1, '学生,政府,私企,外企,其他', 0, 1),
(3, 'sex', '性别', 1, '男,女', 0, 2),
(4, 'qq', 'QQ号码', 0, '', 0, 3),
(5, 'msn', 'MSN帐号', 0, '', 0, 4);

-- --------------------------------------------------------

--
-- 表的结构 `tg_user_group`
--

CREATE TABLE IF NOT EXISTS `tg_user_group` (
  `id` int(11) NOT NULL AUTO_INCREMENT,
  `name` varchar(255) NOT NULL,
  `score` int(11) NOT NULL,
  `discount` double(20,4) NOT NULL,
  PRIMARY KEY (`id`)
) ENGINE=MyISAM  DEFAULT CHARSET=utf8 AUTO_INCREMENT=4 ;

--
-- 转存表中的数据 `tg_user_group`
--

INSERT INTO `tg_user_group` (`id`, `name`, `score`, `discount`) VALUES
(1, '普通会员', 0, 1.0000),
(2, 'VIP会员', 0, 0.8000);

-- --------------------------------------------------------

--
-- 表的结构 `tg_user_log`
--

CREATE TABLE IF NOT EXISTS `tg_user_log` (
  `id` int(11) NOT NULL AUTO_INCREMENT,
  `log_info` text NOT NULL,
  `log_time` int(11) NOT NULL,
  `log_admin_id` int(11) NOT NULL,
  `log_user_id` int(11) NOT NULL,
  `money` double(20,4) NOT NULL,
  `score` int(11) NOT NULL,
  `user_id` int(11) NOT NULL,
  PRIMARY KEY (`id`)
) ENGINE=MyISAM  DEFAULT CHARSET=utf8 AUTO_INCREMENT=18 ;

--
-- 转存表中的数据 `tg_user_log`
--

INSERT INTO `tg_user_log` (`id`, `log_info`, `log_time`, `log_admin_id`, `log_user_id`, `money`, `score`, `user_id`) VALUES
(1, '测试帐户的余额添加', 1289583893, 1, 0, 5000.0000, 0, 1),
(2, '20101113095231228订单付款,付款单号20101113095231837', 1289584351, 1, 0, -1039.2000, 0, 1),
(3, '20101113095231228订单返积分', 1289584351, 1, 0, 0.0000, 10, 1),
(4, '20101113100225879订单付款,付款单号20101113100225364', 1289584945, 1, 0, -799.2000, 0, 1),
(5, '20101113100225879订单返积分', 1289584945, 1, 0, 0.0000, 10, 1),
(6, '充值单20101113101229770支付成功', 1289585559, 1, 0, 10000.0000, 0, 1),
(7, '20101113101313235订单付款,付款单号20101113101313121', 1289585593, 1, 0, -6393.6000, 0, 1),
(8, '20101113101313235订单返积分', 1289585593, 1, 0, 0.0000, 70, 1),
(9, '20101113104929824订单付款,付款单号20101113104929756', 1289587769, 1, 0, -52.0000, 0, 1),
(10, '兑换[10元代金券]代金券消耗10积分', 1289587885, 1, 0, 0.0000, -10, 1),
(11, '20101113111632629订单付款,付款单号20101113111632974', 1289589393, 1, 0, -0.8000, 0, 1),
(12, '管理员编辑帐户', 1396479223, 1, 0, 20.0000, 0, 13),
(13, '2014040302561636订单付款,付款单号2014040302561770', 1396479377, 1, 0, -10.0000, 0, 13),
(14, '2014040712223490订单返积分', 1396815834, 0, 0, 0.0000, 1, 16),
(15, '2014062606062223付款单相关的订单被用户删除，充值到会员中心', 1403748382, 1, 0, 79.8000, 0, 34),
(16, '2014062606065654付款单相关的订单被用户删除，充值到会员中心', 1403748416, 1, 0, 79.8000, 0, 34),
(17, '', 1403748444, 1, 0, -79.8000, 0, 34);

-- --------------------------------------------------------

--
-- 表的结构 `tg_vote`
--

CREATE TABLE IF NOT EXISTS `tg_vote` (
  `id` int(11) NOT NULL AUTO_INCREMENT,
  `name` varchar(255) NOT NULL,
  `begin_time` int(11) NOT NULL,
  `end_time` int(11) NOT NULL,
  `is_effect` tinyint(1) NOT NULL,
  `sort` int(11) NOT NULL,
  `description` text NOT NULL,
  PRIMARY KEY (`id`)
) ENGINE=MyISAM  DEFAULT CHARSET=utf8 AUTO_INCREMENT=3 ;

--
-- 转存表中的数据 `tg_vote`
--

INSERT INTO `tg_vote` (`id`, `name`, `begin_time`, `end_time`, `is_effect`, `sort`, `description`) VALUES
(2, '您选择团购系统时注重当些方面', 1288571700, 1293841980, 1, 1, '<div style="text-align:center;"><span style="font-size:24px;font-weight:bold;font-family:微软雅黑;">你的选择是什么？</span><br />\r\n<br />\r\n<img src="./public/images/201011/big/4cddf741c5de4.jpg" alt="" border="0" /></div>');

-- --------------------------------------------------------

--
-- 表的结构 `tg_vote_ask`
--

CREATE TABLE IF NOT EXISTS `tg_vote_ask` (
  `id` int(11) NOT NULL AUTO_INCREMENT,
  `name` varchar(255) NOT NULL,
  `type` tinyint(1) NOT NULL,
  `sort` int(11) NOT NULL,
  `vote_id` int(11) NOT NULL,
  `val_scope` text NOT NULL,
  PRIMARY KEY (`id`)
) ENGINE=MyISAM  DEFAULT CHARSET=utf8 AUTO_INCREMENT=8 ;

--
-- 转存表中的数据 `tg_vote_ask`
--

INSERT INTO `tg_vote_ask` (`id`, `name`, `type`, `sort`, `vote_id`, `val_scope`) VALUES
(7, '您喜欢的界面风格', 2, 2, 2, '简约,大气,典雅'),
(6, '您关注哪些方面的功能', 4, 1, 2, '系统兼容性,系统bug,前台使用,后台操作,系统速度');

-- --------------------------------------------------------

--
-- 表的结构 `tg_vote_result`
--

CREATE TABLE IF NOT EXISTS `tg_vote_result` (
  `id` int(11) NOT NULL AUTO_INCREMENT,
  `name` varchar(255) NOT NULL,
  `count` int(11) NOT NULL,
  `vote_id` int(11) NOT NULL,
  `vote_ask_id` int(11) NOT NULL,
  PRIMARY KEY (`id`)
) ENGINE=MyISAM  DEFAULT CHARSET=utf8 AUTO_INCREMENT=6 ;

--
-- 转存表中的数据 `tg_vote_result`
--

INSERT INTO `tg_vote_result` (`id`, `name`, `count`, `vote_id`, `vote_ask_id`) VALUES
(1, '前台使用', 122, 2, 6),
(2, '售后', 3, 2, 6),
(3, '简约', 4, 2, 7),
(4, '典雅', 3, 2, 7);

-- --------------------------------------------------------

--
-- 表的结构 `tg_weight_unit`
--

CREATE TABLE IF NOT EXISTS `tg_weight_unit` (
  `id` int(11) NOT NULL AUTO_INCREMENT,
  `name` varchar(255) NOT NULL,
  `rate` double(20,4) NOT NULL,
  PRIMARY KEY (`id`)
) ENGINE=MyISAM  DEFAULT CHARSET=utf8 AUTO_INCREMENT=4 ;

--
-- 转存表中的数据 `tg_weight_unit`
--

INSERT INTO `tg_weight_unit` (`id`, `name`, `rate`) VALUES
(1, '克', 1.0000),
(2, '千克', 1000.0000);

/*!40101 SET CHARACTER_SET_CLIENT=@OLD_CHARACTER_SET_CLIENT */;
/*!40101 SET CHARACTER_SET_RESULTS=@OLD_CHARACTER_SET_RESULTS */;
/*!40101 SET COLLATION_CONNECTION=@OLD_COLLATION_CONNECTION */;
